turn,time_sigma_ns,Q1
0,7.652808502078009,-0.0034798895189642083
1,7.652828238319133,-0.0034774273227603197
2,7.652848797479331,-0.0034748588088965946
3,7.652870179045853,-0.0034721840426396484
4,7.652892382486028,-0.0034694030917863826
5,7.652915407247319,-0.003466516026659774
6,7.652939252757306,-0.0034635229201085784
7,7.6529639184236995,-0.00346042384750518
8,7.652989403634391,-0.0034572188867419917
9,7.65301570775744,-0.0034539081182301977
10,7.653042830141093,-0.0034504916248981003
11,7.653070770113814,-0.0034469694921874868
12,7.6530995269842945,-0.0034433418080519174
13,7.653129100041476,-0.0034396086629540357
14,7.653159488554571,-0.003435770149862956
15,7.653190691773069,-0.003431826364252449
16,7.6532227089267835,-0.003427777404096889
17,7.6532555392258415,-0.0034236233698698966
18,7.6532891818607265,-0.003419364364541126
19,7.653323636002287,-0.003415000493573354
20,7.653358900801784,-0.003410531864918713
21,7.65339497539088,-0.003405958589017628
22,7.653431858881677,-0.003401280778794555
23,7.653469550366757,-0.0033964985496547227
24,7.653508048919155,-0.003391612019483253
25,7.65354735359246,-0.0033866213086379757
26,7.653587463420779,-0.0033815265399497136
27,7.653628377418777,-0.003376327838717937
28,7.6536700945817175,-0.003371025332707171
29,7.653712613885479,-0.003365619152143256
30,7.653755934286581,-0.003360109429711086
31,7.653800054722211,-0.0033544963005501024
32,7.653844974110268,-0.003348779902250638
33,7.653890691349362,-0.0033429603748514284
34,7.653937205318868,-0.003337037860834722
35,7.653984514878948,-0.003331012505123197
36,7.654032618870575,-0.003324884455075868
37,7.654081516115577,-0.0033186538604844684
38,7.654131205416641,-0.003312320873569987
39,7.654181685557369,-0.0033058856489782172
40,7.6542329553023185,-0.0032993483437747245
41,7.654285013397009,-0.0032927091174423397
42,7.654337858567955,-0.003285968131877159
43,7.654391489522729,-0.0032791255513827658
44,7.654445904949959,-0.0032721815426676928
45,7.654501103519389,-0.0032651362748401455
46,7.6545570838818975,-0.003257989919403937
47,7.654613844669535,-0.0032507426502546353
48,7.654671384495576,-0.0032433946436737243
49,7.654729701954528,-0.003235946078325914
50,7.654788795622195,-0.003228397135252814
51,7.6548486640557,-0.003220747997869279
52,7.6549093057935105,-0.0032129988519593424
53,7.654970719355504,-0.0032051498856702112
54,7.655032903242989,-0.0031972012895080584
55,7.655095855938734,-0.0031891532563340474
56,7.655159575907046,-0.0031810059813570553
57,7.655224061593754,-0.0031727596621320933
58,7.655289311426297,-0.0031644144985523794
59,7.65535532381373,-0.0031559706928467124
60,7.6554220971468,-0.0031474284495716987
61,7.6554896297979615,-0.0031387879756087536
62,7.655557920121417,-0.0031300494801585186
63,7.655626966453173,-0.0031212131747353285
64,7.655696767111073,-0.0031122792731618706
65,7.655767320394858,-0.003103247991563295
66,7.655838624586187,-0.003094119548362922
67,7.655910677948684,-0.0030848941642766113
68,7.655983478727995,-0.003075572062307052
69,7.656057025151839,-0.003066153467736932
70,7.656131315430015,-0.0030566386081263067
71,7.656206347754503,-0.003047027713303419
72,7.656282120299461,-0.0030373210153618524
73,7.656358631221307,-0.0030275187486529615
74,7.656435878658745,-0.0030176211497808885
75,7.65651386073281,-0.0030076284575973593
76,7.656592575546926,-0.002997540913194548
77,7.656672021186971,-0.0029873587598988095
78,7.6567521957212845,-0.0029770822432666918
79,7.656833097200752,-0.0029667116110767486
80,7.656914723658846,-0.0029562471133242852
81,7.656997073111656,-0.0029456890022159983
82,7.657080143557971,-0.0029350375321620455
83,7.657163932979306,-0.0029242929597715125
84,7.657248439339966,-0.002913455543844676
85,7.657333660587095,-0.002902525545367695
86,7.657419594650713,-0.002891503227506045
87,7.657506239443804,-0.0028803888555969737
88,7.6575935928623275,-0.002869182697144874
89,7.657681652785295,-0.0028578850218134617
90,7.657770417074817,-0.0028464961014198604
91,7.657859883576176,-0.002835016209926075
92,7.657950050117849,-0.0028234456234353376
93,7.658040914511584,-0.002811784620183081
94,7.658132474552441,-0.0028000334805316027
95,7.658224728018873,-0.0027881924869614266
96,7.658317672672755,-0.0027762619240660064
97,7.658411306259438,-0.00276424207854541
98,7.658505626507844,-0.0027521332391965254
99,7.658600631130473,-0.0027399356969091218
100,7.658696317823499,-0.0027276497446570183
101,7.6587926842668175,-0.0027152756774908695
102,7.658889728124088,-0.002702813792532512
103,7.658987447042814,-0.0026902643889660347
104,7.659085838654389,-0.002677627768031951
105,7.659184900574165,-0.0026649042330185745
106,7.65928463040151,-0.002652094089255678
107,7.659385025719847,-0.0026391976441076685
108,7.659486084096762,-0.002626215206963628
109,7.659587803084029,-0.002613147089231967
110,7.659690180217658,-0.002599993604333929
111,7.659793213017994,-0.0025867550676934373
112,7.659896898989775,-0.0025734317967300085
113,7.660001235622161,-0.002560024110852869
114,7.660106220388828,-0.0025465323314516368
115,7.660211850748035,-0.002532956781888236
116,7.660318124142652,-0.0025192977874913523
117,7.660425038000251,-0.0025055556755467505
118,7.660532589733179,-0.002491730775289256
119,7.660640776738598,-0.002477823417895928
120,7.660749596398558,-0.0024638339364780595
121,7.66085904608008,-0.002449762666071802
122,7.660969123135194,-0.0024356099436317136
123,7.661079824901029,-0.0024213761080216557
124,7.661191148699853,-0.0024070615000081263
125,7.661303091839167,-0.0023926664622501165
126,7.661415651611756,-0.0023781913392922393
127,7.661528825295768,-0.0023636364775557425
128,7.661642610154768,-0.002349002225330948
129,7.661757003437822,-0.002334288932767938
130,7.661872002379545,-0.002319496951869657
131,7.661987604200178,-0.002304626636483002
132,7.662103806105673,-0.0022896783422887068
133,7.66222060528774,-0.0022746524267955315
134,7.662337998923933,-0.002259549249329617
135,7.66245598417771,-0.002244369171026853
136,7.662574558198515,-0.0022291125548237665
137,7.6626937181218215,-0.002213779765450611
138,7.662813461069234,-0.002198371169420328
139,7.662933784148552,-0.002182887135020769
140,7.663054684453828,-0.0021673280323066236
141,7.663176159065454,-0.002151694233089433
142,7.663298205050227,-0.002135986110930034
143,7.66342081946143,-0.0021202040411277758
144,7.66354399933889,-0.00210434840071406
145,7.663667741709054,-0.002088419568442035
146,7.663792043585093,-0.002072417924776484
147,7.663916901966913,-0.002056343851888151
148,7.664042313841299,-0.0020401977336409007
149,7.664168276181937,-0.0020239799555853096
150,7.664294785949534,-0.0020076909049470738
151,7.664421840091831,-0.0019913309706216394
152,7.664549435543743,-0.0019749005431609055
153,7.664677569227406,-0.0019584000147658607
154,7.664806238052241,-0.0019418297792779533
155,7.6649354389150455,-0.0019251902321688046
156,7.665065168700072,-0.0019084817705310175
157,7.665195424279103,-0.0018917047930683353
158,7.665326202511516,-0.0018748597000875363
159,7.665457500244372,-0.0018579468934880623
160,7.6655893143124985,-0.0018409667767521633
161,7.665721641538551,-0.0018239197549363524
162,7.6658544787330944,-0.0018068062346619023
163,7.665987822694701,-0.001789626624103626
164,7.666121670210001,-0.0017723813329825408
165,7.666256018053797,-0.0017550707725533187
166,7.666390862989094,-0.0017376953555984502
167,7.666526201767215,-0.0017202554964155844
168,7.66666203112788,-0.0017027516108079944
169,7.6667983477992765,-0.0016851841160759882
170,7.666935148498126,-0.001667553431006874
171,7.667072429929795,-0.0016498599758641586
172,7.667210188788351,-0.0016321041723786553
173,7.667348421756665,-0.0016142864437374066
174,7.667487125506459,-0.0015964072145758636
175,7.667626296698424,-0.0015784669109655597
176,7.667765931982287,-0.0015604659604050693
177,7.667906027996884,-0.0015424047918106488
178,7.668046581370255,-0.001524283835504997
179,7.668187588719717,-0.0015061035232081452
180,7.668329046651953,-0.0014878642880268402
181,7.6684709517630925,-0.0014695665644442262
182,7.668613300638791,-0.0014512107883102555
183,7.668756089854334,-0.0014327973968301358
184,7.668899315974688,-0.0014143268285560268
185,7.669042975554598,-0.0013957995233755468
186,7.669187065138682,-0.001377215922501717
187,7.669331581261505,-0.0013585764684623392
188,7.669476520447666,-0.0013398816050900848
189,7.6696218792118716,-0.0013211317775124673
190,7.669767654059048,-0.0013023274321396852
191,7.669913841484394,-0.0012834690166567075
192,7.670060437973477,-0.0012645569800114427
193,7.670207440002344,-0.001245591772403185
194,7.670354844037572,-0.0012265738452739306
195,7.670502646536358,-0.0012075036512977039
196,7.670650843946634,-0.0011883816443682552
197,7.670799432707128,-0.0011692082795899186
198,7.670948409247442,-0.0011499840132674875
199,7.671097769988176,-0.0011307093028935225
200,7.671247511340969,-0.001111384607139963
201,7.671397629708627,-0.0010923613348189005
202,7.6715501707495815,-0.0010774986227656996
203,7.6717276038826165,-0.0010723409000724445
204,7.671972849712413,-0.0010743490872832957
205,7.67230839912029,-0.0010772446746478534
206,7.672736307649424,-0.0010801173325561237
207,7.673256570080291,-0.0010829671213929953
208,7.673869180071339,-0.001085794099321214
209,7.674574130160427,-0.0010885983222813397
210,7.6753714117665055,-0.0010913798439928578
211,7.676261015191564,-0.0010941387159532118
212,7.677242929622836,-0.0010968749874373544
213,7.678317143135236,-0.001099588705498021
214,7.679483642694047,-0.0011022799149652397
215,7.680742414157877,-0.001104948658444891
216,7.682093442281853,-0.0011075949763182007
217,7.68353671072107,-0.0011102189067391031
218,7.685072202034263,-0.0011128204856347883
219,7.686699897687766,-0.0011153997467015753
220,7.6884197780596475,-0.0011179567214060306
221,7.690231822444175,-0.001120491438979933
222,7.6921360090564574,-0.0011230039264187408
223,7.694132315037335,-0.0011254942084800031
224,7.6962207164585275,-0.0011279623076795482
225,7.698401188327996,-0.0011304082442888511
226,7.70067370459556,-0.0011328320363316968
227,7.703038238158718,-0.0011352336995810123
228,7.705494760868739,-0.001137613247554174
229,7.708043243536933,-0.0011399706915103888
230,7.710683655941171,-0.0011423060404464006
231,7.713415966832649,-0.001144619301091173
232,7.716240143942834,-0.0011469104779019898
233,7.71915615399064,-0.0011491795730605649
234,7.7221639626898355,-0.0011514265864668736
235,7.725263534756678,-0.0011536515157327628
236,7.728454833917674,-0.0011558543561806666
237,7.731737822917674,-0.0011580351008333386
238,7.735112463528077,-0.0011601937404103035
239,7.738578716555258,-0.0011623302633222918
240,7.742136541849238,-0.0011644446556630633
241,7.745785898312495,-0.0011665369012041947
242,7.749526743908998,-0.0011686069813883228
243,7.753359035673435,-0.0011706548753212009
244,7.75728272972062,-0.0011726805597651803
245,7.761297781255074,-0.0011746840091318542
246,7.76540414458082,-0.001176665195473841
247,7.769601773111322,-0.001178624088477224
248,7.773890619379611,-0.0011805606554539008
249,7.778270635048613,-0.0011824748613315694
250,7.782741770921586,-0.0011843666686469712
251,7.7873039769527805,-0.0011862360375358065
252,7.791957202258208,-0.001188082925725192
253,7.796701395126647,-0.001189907288521481
254,7.801536503030697,-0.0011917090788040232
255,7.806462472638075,-0.0011934882470133275
256,7.811479249823025,-0.0011952447411416843
257,7.816586779677872,-0.001196978506721989
258,7.821785006524696,-0.0011986894868194855
259,7.82707387392721,-0.0012003776220179934
260,7.83245332470268,-0.0012020428504118086
261,7.837923300934059,-0.0012036851075921935
262,7.843483743982185,-0.0012053043266375579
263,7.849134594498147,-0.0012069004381007086
264,7.854875792435739,-0.0012084733699971428
265,7.8607072770640505,-0.0012100230477926396
266,7.866628986980152,-0.0012115493943910766
267,7.872640860121884,-0.0012130523301224444
268,7.878742833780783,-0.0012145317727281337
269,7.884934844615082,-0.0012159876373487241
270,7.891216828662797,-0.0012174198365107116
271,7.8975887213549365,-0.0012188282801118121
272,7.9040504575287605,-0.0012202128754090467
273,7.910601971441183,-0.0012215735270015018
274,7.917243196782202,-0.0012229101368178366
275,7.923974066688422,-0.001224222604100888
276,7.930794513756662,-0.001225510825393167
277,7.937704470057622,-0.0012267746945208095
278,7.944703867149636,-0.0012280141025783028
279,7.951792636092456,-0.0012292289379121776
280,7.958970707461125,-0.0012304190861053591
281,7.966238011359868,-0.0012315844299615004
282,7.973594477436091,-0.001232724849486776
283,7.981040034894369,-0.0012338402218739983
284,7.988574612510529,-0.0012349304214847186
285,7.996198138645722,-0.0012359953198327939
286,8.003910541260588,-0.0012370347855651046
287,8.01171174792942,-0.001238048684444148
288,8.019601685854337,-0.0012390368793309436
289,8.02758028187956,-0.0012399992301637944
290,8.035647462505619,-0.0012409355939418318
291,8.043803153903642,-0.001241845824704628
292,8.052047281929639,-0.001242729773512845
293,8.06037977213881,-0.0012435872884278016
294,8.068800549799843,-0.0012444182144924455
295,8.07730953990921,-0.0012452223937111085
296,8.085906667205515,-0.0012459996650276497
297,8.09459185618381,-0.0012467498643044803
298,8.10336503110988,-0.001247472824302155
299,8.112226116034556,-0.0012481683746581403
300,8.121175034808017,-0.0012488363418639045
301,8.130211711094084,-0.0012494765492423675
302,8.139336068384459,-0.0012500888169262225
303,8.148548030012988,-0.0012506729618346655
304,8.157847519169867,-0.0012512287976511106
305,8.167234458915852,-0.0012517561347983098
306,8.176708772196445,-0.0012228015706905095
307,8.186268190225055,-0.0008682725871236457
308,8.195888648731472,0.00011235762967439591
309,8.205524209249296,0.001421974672454131
310,8.215150683256642,0.0027616845374874347
311,8.224765687474639,0.004101351451053067
312,8.234369032534266,0.005440943376868892
313,8.243960529913878,0.006780428281460871
314,8.253539991937096,0.008119774134929338
315,8.263107231770617,0.009458948911713099
316,8.272662063422095,0.010797920591356333
317,8.282204301737954,0.012136657159272438
318,8.291733762401208,0.013475126607508991
319,8.301250261929278,0.014813296935512294
320,8.310753617671802,0.016151136150891556
321,8.320243647808416,0.017488612270181787
322,8.329720171346569,0.018825693319609062
323,8.33918300811929,0.020162347335852423
324,8.348631978782976,0.021498542366807184
325,8.358066904815164,0.022834246472347594
326,8.367487608512295,0.024169427725088944
327,8.376893912987493,0.02550405421114925
328,8.38628564216831,0.026838094030910895
329,8.395662620794482,0.028171515299780323
330,8.405024674415696,0.0295042861489502
331,8.41437162938932,0.030836374726157856
332,8.423703312878182,0.03216774919644606
333,8.433019552848275,0.03349837774292071
334,8.442320178066531,0.034828228567509494
335,8.451605018098569,0.03615726989172192
336,8.460873903306403,0.037485469957403074
337,8.47012666484622,0.03881279702749307
338,8.47936313466609,0.040139219386781666
339,8.488583145503744,0.04146470534266579
340,8.497786530884273,0.0427892232259014
341,8.506973125117904,0.04411274139136062
342,8.51614276329772,0.04543522821878328
343,8.525295281297433,0.04675665211353149
344,8.5344305157691,0.04807698150734062
345,8.543548304140893,0.04939618485907123
346,8.552648484614826,0.050714230655459026
347,8.56173089616455,0.052031087411866836
348,8.570795378533061,0.05334672367303162
349,8.579841772230504,0.054661108013814394
350,8.588869918531882,0.055974209039945946
351,8.597879659474888,0.057285995388776496
352,8.606870837857615,0.05859643573001892
353,8.615843297236372,0.05990549876649536
354,8.624796881923434,0.06121315323488053
355,8.633731436984835,0.06251936790644509
356,8.642646808238174,0.06382411158779931
357,8.651542842250377,0.06512735312163304
358,8.660419386335514,0.06642906138745638
359,8.669276288552593,0.0677292053023396
360,8.678113397703385,0.0690277538216524
361,8.686930563330217,0.07032467593979996
362,8.695727635713801,0.07161994069095998
363,8.704504465871072,0.072913517149819
364,8.713260905552996,0.07420537443230543
365,8.721996807242446,0.07549548169632485
366,8.730712024152012,0.07678380814249013
367,8.739406410221862,0.07807032301485321
368,8.74807982011763,0.07935499560163703
369,8.756732109228249,0.08063779523596204
370,8.76536313366383,0.08191869129657425
371,8.77397275025356,0.08319765320857331
372,8.782560816543606,0.08447465044413825
373,8.791127190794956,0.08574965252324844
374,8.79967173198137,0.0870226290144094
375,8.808194299787287,0.0882935495353746
376,8.816694754605741,0.0895623837538647
377,8.825172957536282,0.09082910138828729
378,8.83362877038293,0.0920936722084553
379,8.842062055652093,0.09335606603630177
380,8.850472676550547,0.09461625274659714
381,8.858860496983409,0.09587420226766386
382,8.867225381552073,0.09712988458208634
383,8.875567195552211,0.09838326972742376
384,8.883885804971774,0.099634327796921
385,8.892181076488965,0.10088302894021464
386,8.900452877470261,0.10212934336404181
387,8.908701075968441,0.10337324133294579
388,8.916925540720579,0.10461469316997857
389,8.925126141146105,0.10585366925740529
390,8.933302747344852,0.10709014003740455
391,8.941455230095103,0.10832407601276893
392,8.94958346085165,0.10955544774760251
393,8.957687311743861,0.11078422586801635
394,8.96576665557379,0.11201038106282649
395,8.973821365814247,0.11323388408424521
396,8.981851316606916,0.11445470574857436
397,8.989856382760435,0.11567281693689371
398,8.997836439748564,0.11688818859575231
399,9.00579136370828,0.11810079173785348
400,9.013721031437951,0.11931059744274235
401,9.02162532039545,0.12051757685748744
402,9.029504108696353,0.12172170119736433
403,9.037357275112084,0.12292294174653588
404,9.045184699068125,0.12412126985873108
405,9.052986260642177,0.12531665695792102
406,9.060761840562396,0.12650907453899654
407,9.068511320205564,0.12769849416843831
408,9.07623458159536,0.12888488748499236
409,9.083931507400559,0.13006822620033745
410,9.091601980933286,0.13124848209975448
411,9.099245886147273,0.13242562704279243
412,9.106863107636128,0.1335996329639338
413,9.11445353063159,0.13477047187325567
414,9.122017041001836,0.13593811585709226
415,9.129553525249769,0.13710253707869322
416,9.13706287051131,0.13826370777888028
417,9.144544964553731,0.13942160027670292
418,9.151999695773982,0.1405761869700924
419,9.15942695319703,0.14172744033651233
420,9.166826626474181,0.1428753329336078
421,9.174198605881466,0.14401983739985316
422,9.181542782317987,0.14516092645519701
423,9.188859047304334,0.14629857290170797
424,9.19614729298093,0.14743274962421346
425,9.203407412106458,0.14856342959094027
426,9.210639298056249,0.14969058585415126
427,9.217842844820732,0.15081419155078288
428,9.225017947003833,0.15193421990307499
429,9.232164499821447,0.15305064421920614
430,9.239282399099853,0.15416343789391862
431,9.24637154127422,0.15527257440914907
432,9.25343182338704,0.1563780273346513
433,9.260463143086639,0.15747977032862
434,9.267465398625651,0.15857777713831087
435,9.274438488859543,0.15967202160066002
436,9.281382313245091,0.1607624776428979
437,9.288296771838954,0.16184911928316686
438,9.295181765296164,0.16293192063113038
439,9.302037194868705,0.16401085588858447
440,9.308862962404044,0.16508589935006365
441,9.315658970343705,0.16615702540344718
442,9.322425121721851,0.1672242085305621
443,9.32916132016385,0.1682874233077825
444,9.335867469884906,0.1693466444066306
445,9.342543475688622,0.17040184659437005
446,9.349189242965663,0.17145300473460257
447,9.35580467769233,0.17250009378785575
448,9.36238968642924,0.1735430888121759
449,9.368944176319951,0.17458196496371212
450,9.37546805508964,0.17561669749730333
451,9.381961231043729,0.17664726176705772
452,9.388423613066609,0.17767363322693408
453,9.39485511062029,0.17869578743131798
454,9.401255633743107,0.17971370003559708
455,9.407625093048459,0.180727346796735
456,9.413963399723478,0.18173670357383895
457,9.42027046552778,0.1827417463287282
458,9.426546202792192,0.183742451126499
459,9.43279052441751,0.18473879413608807
460,9.439003343873251,0.18573075163083178
461,9.4451845751964,0.1867182999890231
462,9.451334132990219,0.1877014156944685
463,9.457451932423,0.1886800753370386
464,9.463537889226874,0.1896542556132195
465,9.46959191969663,0.19062393332666025
466,9.475613940688483,0.19158908538871539
467,9.481603869618949,0.19254968881899046
468,9.487561624463655,0.1935057207458803
469,9.493487123756188,0.1944571584071066
470,9.499380286586922,0.19540397915025035
471,9.505241032601917,0.19634616043328687
472,9.51106928200176,0.19728367982511244
473,9.516864955540461,0.19821651500607246
474,9.522627974524344,0.19914464376848529
475,9.528358260810931,0.20006804401716213
476,9.53405573680786,0.20098669376992678
477,9.539720325471805,0.20190057115813184
478,9.545351950307396,0.20280965442717028
479,9.550950535366143,0.20371392193698692
480,9.556516005245411,0.20461335216258664
481,9.562048285087357,0.20550792369453902
482,9.567547300577884,0.20639761523948005
483,9.57301297794562,0.20728240562061118
484,9.578445243960907,0.20816227377819788
485,9.583844025934777,0.20903719877006133
486,9.589209251717959,0.20990715977207128
487,9.594540849699891,0.21077213607863404
488,9.599838748807707,0.21163210710317534
489,9.605102878505328,0.21248705237862922
490,9.61033316879241,0.2133369515579102
491,9.615529550203446,0.21418178441439523
492,9.620691953806794,0.21502153084239636
493,9.625820311203759,0.21585617085763278
494,9.63091455452762,0.21668568459769694
495,9.635974616442754,0.2175100523225229
496,9.641000430143693,0.2183292544148474
497,9.645991929354226,0.2191432713806696
498,9.650949048326499,0.21995208384970732
499,9.65587172184013,0.22075567257585252
500,9.660759885201323,0.22155401843761974
501,9.665613474241997,0.22234710243859632
502,9.670432425318936,0.22313490570788616
503,9.67521667531291,0.223917409500552
504,9.679966161627847,0.22469459519805451
505,9.68468082218999,0.22546644430868829
506,9.689360595447049,0.2262329384680143
507,9.694005420367397,0.22699405943928988
508,9.69861523643926,0.22774978911389782
509,9.70318998366989,0.22850010951176733
510,9.707729602584775,0.22924500278179627
511,9.712234034226856,0.22998445120226962
512,9.716703220155743,0.23071843718127422
513,9.721137102446932,0.23144694325710916
514,9.725535623691034,0.23216995209869534
515,9.72989872699305,0.23288744650598273
516,9.73422635597157,0.23359940941034937
517,9.738518454758069,0.23430582387500362
518,9.742774967996143,0.23500667309537868
519,9.746995840840817,0.23570194039952827
520,9.751181018957803,0.2363916092485144
521,9.755330448522772,0.23707566323679438
522,9.759444076220678,0.23775408609260557
523,9.763521849245045,0.23842686167834562
524,9.76756371529729,0.23909397399095042
525,9.771569622586025,0.2397554071622668
526,9.775539519826403,0.24041114545942674
527,9.779473356239428,0.24106117328521187
528,9.783371081551314,0.24170547517842023
529,9.787232645992827,0.24234403581422784
530,9.79105800029864,0.2429768400045465
531,9.794847095706695,0.24360387269837858
532,9.798599883957566,0.24422511898216936
533,9.802316317293856,0.24484056408015625
534,9.805996348459562,0.24545019335471308
535,9.80963993069948,0.2460539923066938
536,9.8132470177586,0.24665194657577008
537,9.816817563881507,0.24724404194076766
538,9.820351523811803,0.24783026431999838
539,9.823848852791526,0.24841059977159025
540,9.827309506560567,0.2489850344938118
541,9.830733441356113,0.24955355482539526
542,9.834120613912106,0.2501161472458576
543,9.837470981458656,0.2506727983758135
544,9.840784501721522,0.25122349497729013
545,9.844061132921576,0.251768223954036
546,9.847300833774254,0.25230697235182625
547,9.850503563489042,0.25283972735876603
548,9.853669281768967,0.25336647630558984
549,9.856797948810094,0.25388720666595865
550,9.859889525300979,0.2544019060567492
551,9.862943972422231,0.25491056223834696
552,9.865961251845984,0.2554131631149304
553,9.868941325735443,0.25590969673475455
554,9.871884156744356,0.25640015129042704
555,9.874789708016616,0.256884515119189
556,9.87765794318574,0.25736277670318297
557,9.880488826374439,0.25783492466972413
558,9.883282322194184,0.2583009477915672
559,9.886038395744722,0.25876083498716546
560,9.888757012613668,0.2592145753209313
561,9.891438138876081,0.2596621580034926
562,9.894081741094015,0.26010357239194254
563,9.896687786316118,0.26053880799008977
564,9.899256242077229,0.26096785444870285
565,9.901787076397968,0.2613907015657531
566,9.904280257784324,0.26180733928665095
567,9.906735755227285,0.26221775770448186
568,9.909153538202448,0.2626219470602381
569,9.911533576669635,0.263019897743046
570,9.91387584107253,0.26341160029039046
571,9.916180302338304,0.2637970453883361
572,9.918446931877257,0.26417622387174394
573,9.920675701582478,0.2645491267244874
574,9.92286658382948,0.26491574507966026
575,9.92501955147588,0.2652760702197865
576,9.927134577861048,0.2656300935770214
577,9.929211636805782,0.2659778067333528
578,9.931250702611992,0.26631920142079746
579,9.933251750062388,0.2666542695215949
580,9.935214754420153,0.2669830030683949
581,9.93713969142866,0.26730539424444577
582,9.939026537311165,0.26762143538377586
583,9.940875268770515,0.2679311189713726
584,9.942685862988874,0.2682344376433585
585,9.944458297627436,0.26853138418716294
586,9.946192550826135,0.26882195154168875
587,9.947888601203424,0.2691061327974813
588,9.949546427855962,0.2693839211968853
589,9.951166010358396,0.26965531013420546
590,9.952747328763097,0.2699202931558598
591,9.954290363599918,0.2701788639605301
592,9.955795095875972,0.2704310163993107
593,9.957261507075378,0.27067674447585016
594,9.95868957915905,0.2709160423464916
595,9.960079294564478,0.2711489043204108
596,9.961430636205513,0.2713753248597471
597,9.962743587472156,0.27159529857973375
598,9.964018132230374,0.27180882024882497
599,9.965254254821875,0.27201588478881483
600,9.966451940063953,0.27221648727496006
601,9.967611173249276,0.27241062293609136
602,9.968731940145721,0.2725982871547274
603,9.969814226996213,0.272779475467182
604,9.97085802051853,0.2729541835636678
605,9.97186330790517,0.27312240728839743
606,9.972830076823186,0.2732841426396813
607,9.973758315414042,0.2734393857700208
608,9.974648012293457,0.2735881329861973
609,9.975499156551296,0.27373038074936024
610,9.976311737751404,0.2738661256751085
611,9.977085745931518,0.27399536453357093
612,9.97782117160312,0.2741180942494808
613,9.97851800575131,0.27423431190224634
614,9.979176239834747,0.2743440147260231
615,9.979795865785507,0.2744472001097749
616,9.980376876009005,0.2745438655973381
617,9.9809192633839,0.274634008887477
618,9.98142302126198,0.27471762783393633
619,9.981888143468153,0.2747947204454971
620,9.982314624300294,0.27486528488601664
621,9.98270245852925,0.27492931947447785
622,9.983051641398706,0.27498682268502334
623,9.983362168625192,0.27503779314699517
624,9.983634036397994,0.27508222964496515
625,9.983867241379116,0.2751201311187633
626,9.98406178070325,0.2751514966635047
627,9.984217651977746,0.2751763255296098
628,9.984334853282567,0.27519461712282156
629,9.984413383170267,0.2752063710042201
630,9.984453240665996,0.2752115868902339
631,9.984454425267474,0.27521026465264625
632,9.984416936944989,0.275202404318599
633,9.984340776141382,0.2751880060705903
634,9.984225943772083,0.27516707024647347
635,9.984072441225113,0.27513959733944837
636,9.983880270361077,0.27510558799804924
637,9.98364943351322,0.2750650430261311
638,9.983379933487443,0.2750179633828513
639,9.983071773562337,0.2749643501826474
640,9.982724957489216,0.2749042046952102
641,9.982339489492183,0.27483752834545694
642,9.98191537426817,0.274764322713497
643,9.98145261698698,0.2746845895345945
644,9.980951223291385,0.2745983306991307
645,9.980411199297164,0.2745055482525574
646,9.97983255159319,0.27440624439535205
647,9.979215287241528,0.2743004214829664
648,9.978559413777482,0.2741880820257704
649,9.977864939209715,0.2740692286889949
650,9.977131872020344,0.27394386429267087
651,9.976360221165042,0.2738119918115632
652,9.975549996073132,0.2736736143751009
653,9.974701206647726,0.273528735267306
654,9.973813863265828,0.2733773579267162
655,9.972887976778468,0.27321948594630574
656,9.97192355851084,0.2730551230734028
657,9.970920620262417,0.2728842732095999
658,9.96987917430712,0.27270694041066573
659,9.968799233393465,0.2725231288864509
660,9.96768081074471,0.2723328430007896
661,9.966523920058998,0.272136087271396
662,9.965328575509558,0.271932866369763
663,9.964094791744865,0.27172318512105237
664,9.962822583888817,0.2715070485039822
665,9.961511967540918,0.2712844616507109
666,9.960162958776467,0.27105542984671854
667,9.95877557414676,0.27081995853068436
668,9.957349830679282,0.2705780532943583
669,9.955885745877943,0.2703297198824351
670,9.954383337723256,0.27007496419241644
671,9.952842624672568,0.26981379227447544
672,9.951263625660298,0.2695462103313161
673,9.94964636009816,0.2692722247180296
674,9.947990847875406,0.26899184194194586
675,9.946297109359064,0.268705068662482
676,9.944565165394172,0.2684119116909865
677,9.94279503730408,0.2681123779905838
678,9.940986746890655,0.26780647467600843
679,9.939140316434594,0.26749420901344273
680,9.937255768695682,0.26717558842034633
681,9.935333126913054,0.26685062046528274
682,9.933372414805513,0.2665193128677445
683,9.931373656571793,0.2661816734979731
684,9.929336876890877,0.2658377103767757
685,9.927262100922295,0.2654874316753384
686,9.925149354306422,0.2651308457150355
687,9.922998663164824,0.26476796096723776
688,9.920810054100553,0.2643987860531125
689,9.918583554198484,0.26402332974342446
690,9.916319191025655,0.2636416009583311
691,9.914016992631598,0.2632536087671746
692,9.911676987548711,0.2628593623882722
693,9.909299204792575,0.2624588711886986
694,9.906883673862344,0.26205214468407073
695,9.904430424741095,0.26163919253832385
696,9.901939487896216,0.26122002456348814
697,9.899410894279772,0.2607946507194593
698,9.89684467532888,0.2603630811137653
699,9.894240862966138,0.2599253260013336
700,9.891599489599997,0.25948139578425083
701,9.888920588125155,0.2590313010115187
702,9.886204191922989,0.2585750523788106
703,9.883450334861967,0.25811266072822114
704,9.880659051298073,0.2576441370480139
705,9.877830376075224,0.25716949247236454
706,9.87496434452574,0.25668873828110317
707,9.872060992470749,0.25620188589944837
708,9.869120356220662,0.2557089468977439
709,9.866142472575621,0.2552099329911864
710,9.863127378825958,0.25470485603955323
711,9.860075112752686,0.25419372804692714
712,9.856985712627944,0.25367656116141396
713,9.853859217215511,0.2531533676748611
714,9.850695665771282,0.25262416002257054
715,9.847495098043765,0.2520889507830082
716,9.844257554274582,0.2515477526775104
717,9.840983075198986,0.2510005785699879
718,9.837671702046375,0.25044744146662484
719,9.834323476540822,0.24988835451557662
720,9.830938440901601,0.24932333100666207
721,9.827516637843717,0.2487523843710527
722,9.824058110578475,0.24817552818096136
723,9.820562902814007,0.24759277614932354
724,9.81703105875585,0.24700414212947852
725,9.813462623107498,0.24640964011484517
726,9.809857641070977,0.2458092842385956
727,9.806216158347436,0.24520308877332522
728,9.80253822113773,0.24459106813072032
729,9.798823876143002,0.2439732368612199
730,9.795073170565301,0.24334960965367727
731,9.791286152108185,0.24272020133501673
732,9.787462868977334,0.24208502686988703
733,9.783603369881178,0.2414441013603123
734,9.779707704031525,0.240797440045339
735,9.775775921144197,0.2401450583006795
736,9.771808071439684,0.23948697163835464
737,9.76780420564379,0.23882319570632907
738,9.763764374988288,0.2381537462881474
739,9.759688631211594,0.23747863930256394
740,9.755577026559445,0.236797890803172
741,9.751429613785577,0.23611151697802862
742,9.747246446152422,0.23541953414927574
743,9.743027577431791,0.23472195877275848
744,9.738773061905588,0.23401880743764106
745,9.734482954366536,0.23331009686601925
746,9.73015731011887,0.23259584391252847
747,9.72579618497909,0.2318760655639507
748,9.721399635276684,0.23115077893881694
749,9.71696771785486,0.23042000128700538
750,9.712500490071342,0.22968374998934213
751,9.707998009799079,0.22894204255719028
752,9.703460335427033,0.22819489663204223
753,9.698887525860966,0.2274423299851077
754,9.694279640524208,0.2266843605168972
755,9.689636739358438,0.225921006256802
756,9.68495888282451,0.225152285362675
757,9.680246131903253,0.2243782161204045
758,9.675498548096272,0.22359881694348602
759,9.670716193426777,0.22281410637259147
760,9.665899130440422,0.22202410307513518
761,9.661047422206135,0.22122882584483736
762,9.656161132316978,0.2204282936012844
763,9.651240324890988,0.21962252538948496
764,9.646285064572062,0.21881154037942552
765,9.641295416530804,0.21799535786561955
766,9.636271446465425,0.21717399726665776
767,9.63121322060263,0.21634747812475183
768,9.626120805698509,0.21551582010527773
769,9.620994269039443,0.2146790429963141
770,9.615833678443039,0.21383716670818026
771,9.610639102259025,0.21299021127296827
772,9.605410609370196,0.2121381968440739
773,9.600148269193356,0.21128114369572526
774,9.594852151680259,0.2104190722225062
775,9.589522327318585,0.2095520029388806
776,9.584158867132889,0.20867995647870985
777,9.578761842685571,0.2078029535947685
778,9.573331326077893,0.20692101515826097
779,9.567867389950932,0.20603416215832876
780,9.56237010748661,0.20514241570156028
781,9.55683955240869,0.2042457970114954
782,9.551275798983804,0.20334432742812764
783,9.545678922022478,0.2024380284074046
784,9.540048996880166,0.20152692152072285
785,9.534386099458311,0.20061102845442452
786,9.528690306205391,0.19969037100928666
787,9.522961694117965,0.19876497110000954
788,9.517200340741784,0.19783485075470386
789,9.511406324172848,0.19690003211437293
790,9.505579723058512,0.1959605374323936
791,9.499720616598587,0.19501638907399438
792,9.493829084546435,0.19406760951572855
793,9.48790520721011,0.19311422134494852
794,9.481949065453474,0.1921562472592749
795,9.475960740697335,0.19119371006606284
796,9.469940314920612,0.190226632681868
797,9.46388787066148,0.18925503813190717
798,9.457803491018534,0.18827894954951815
799,9.45168725965198,0.1872983901756161
800,9.445539260784805,0.1863133833581476
801,9.43935957920398,0.18532395255154133
802,9.43314830026167,0.18433012131615878
803,9.426905509876457,0.18333191331774065
804,9.420631294534537,0.18232935232684774
805,9.414325741290982,0.1813224622183057
806,9.407988937770966,0.18031126697064145
807,9.401620972171036,0.1792957906655215
808,9.395221933260363,0.17827605748718428
809,9.388791910382034,0.17725209172187306
810,9.382330993454296,0.17622391775726223
811,9.375839272971898,0.17519156008188666
812,9.36931684000737,0.17415504328456435
813,9.36276378621232,0.17311439205381746
814,9.35618020381881,0.1720696311772942
815,9.349566185640628,0.17102078554118158
816,9.342921825074669,0.16996788012962355
817,9.336247216102276,0.1689109400241307
818,9.329542453290623,0.16784999040299212
819,9.322807631794058,0.16678505654068096
820,9.316042847355494,0.16571616380725898
821,9.309248196307822,0.1646433376677817
822,9.302423775575301,0.16356660368169731
823,9.295569682674982,0.16248598750224555
824,9.288686015718111,0.16140151487585205
825,9.281772873411587,0.1603132116415238
826,9.2748303550594,0.15922110373023984
827,9.267858560564067,0.15812521716433905
828,9.260857590428143,0.15702557805691075
829,9.253827545755653,0.15592221261117534
830,9.246768528253599,0.15481514711986918
831,9.239680640233445,0.1537044079646241
832,9.23256398461264,0.152590021615346
833,9.225418664916115,0.15147201462959037
834,9.218244785277829,0.15035041365193685
835,9.211042450442301,0.14922524541336088
836,9.203811765766156,0.14809653673060308
837,9.196552837219677,0.14696431450553646
838,9.189265771388392,0.14582860572453296
839,9.181950675474624,0.14468943745782556
840,9.174607657299136,0.14354683685887248
841,9.167236825302659,0.14240083116371188
842,9.159838288547569,0.14125144769032436
843,9.152412156719464,0.1400987138379845
844,9.144958540128801,0.13894265708661452
845,9.137477549712564,0.1377833049961383
846,9.12996929703591,0.13662068520582926
847,9.12243389429379,0.13545482543365564
848,9.114871454312683,0.13428575347562982
849,9.107282090552241,0.13311349720514945
850,9.099665917106995,0.13193808457234002
851,9.092023048708056,0.13075954360339387
852,9.084353600724837,0.12957790239990952
853,9.076657689166767,0.12839318913822623
854,9.06893543068504,0.12720543206875914
855,9.061186942574352,0.126014659515332
856,9.053412342774656,0.1248208998745064
857,9.045611749872934,0.12362418161491155
858,9.037785283104972,0.12242453327657138
859,9.029933062357156,0.12122198347022996
860,9.022055208168249,0.12001656087667413
861,9.014151841731213,0.11880829424605548
862,9.006223084895016,0.11759721239721026
863,8.99826906016648,0.11638334421697905
864,8.99028989071211,0.1151667186595223
865,8.98228570035991,0.11394736474563415
866,8.974256613601298,0.11272531156205846
867,8.966202755592926,0.11150058826079767
868,8.95812425215858,0.1102732240584247
869,8.950021229791076,0.10904324823539169
870,8.941893815654133,0.1078106901353352
871,8.93374213758429,0.10657557916438146
872,8.925566324092841,0.10533794479045305
873,8.91736650436773,0.1040978165425664
874,8.909142808275499,0.10285522401013568
875,8.90089536636326,0.10161019684227181
876,8.892624309860599,0.10036276474707766
877,8.884329770681596,0.09911295749094755
878,8.876011881426752,0.09786080489785894
879,8.86767077538501,0.09660633684866757
880,8.859306586535729,0.0953495832803987
881,8.85091944955066,0.09409057418553539
882,8.842509499796005,0.09282933961131111
883,8.834076873334423,0.09156590965899533
884,8.825621706927018,0.09030031448317852
885,8.81714413803544,0.08903258429105981
886,8.808644304823872,0.08776274934172783
887,8.80012234616112,0.08649083994544451
888,8.79157840162267,0.08521688646292583
889,8.783012611492735,0.0839409193046199
890,8.774425116766386,0.08266296892998844
891,8.765816059151566,0.08138306584677968
892,8.757185581071269,0.08010124061030847
893,8.748533825665534,0.07881752382272539
894,8.739860936793688,0.07753194613229751
895,8.731167059036359,0.07624453823267428
896,8.722452337697645,0.07495533086216134
897,8.713716918807242,0.07366435480299048
898,8.704960949122583,0.07237164088058767
899,8.696184576130989,0.07107721996284123
900,8.687387948051809,0.06978112295936788
901,8.678571213838602,0.06848338082077905
902,8.66973452318128,0.06718402453794399
903,8.660878026508295,0.06588308514125407
904,8.652001874988823,0.06458059369988547
905,8.643106220534946,0.06327658132105958
906,8.634191215803828,0.06197107914930317
907,8.625257014199931,0.060664118365709056
908,8.61630376987721,0.05935573018719252
909,8.60733163774132,0.05804594586575094
910,8.59834077345183,0.05673479668771836
911,8.589331333424436,0.05542231397302189
912,8.58030347483319,0.05410852907443674
913,8.571257355612726,0.05279347337683971
914,8.562193134460479,0.05147717829646167
915,8.553110970838926,0.0501596752801405
916,8.54401102497783,0.048840995804571526
917,8.534893457876478,0.047521171375559335
918,8.525758431305904,0.04620023352726505
919,8.516606107811176,0.044878213821458374
920,8.507436650713611,0.04355514384676352
921,8.498250224113038,0.04223105521790693
922,8.489046992890055,0.04090597957496472
923,8.479827122708285,0.03957994858260854
924,8.470590780016627,0.03825299392935038
925,8.461338132051518,0.03692514732678791
926,8.452069346839183,0.03559644050884725
927,8.442784593197915,0.03426690523102851
928,8.43348404074031,0.032936573269646933
929,8.42416785987554,0.03160547642107493
930,8.414836221811608,0.030273646500984977
931,8.405489298557606,0.028941115343589625
932,8.396127262925969,0.02760791480088238
933,8.386750288534735,0.0262740767418779
934,8.377358549809783,0.024939633051850398
935,8.367952221987114,0.02360461563157537
936,8.358531481115053,0.0222690563965639
937,8.349096504056545,0.020932987276305545
938,8.33964746849135,0.019596440213501834
939,8.330184552918304,0.018259447163306207
940,8.320707936657547,0.01692204009255955
941,8.31121779985275,0.015584250979027967
942,8.301714323473325,0.014246111810636649
943,8.292197689316652,0.01290765458470747
944,8.28266808001029,0.011568911307194599
945,8.273125679014184,0.010229913991918827
946,8.263570670622832,0.008890694659802178
947,8.254003239967506,0.007551285338103307
948,8.244423573018416,0.006211718059651876
949,8.23483185658688,0.004872024862082199
950,8.225228278327492,0.0035322377870675354
951,8.215613026740249,0.0021923888795526004
952,8.205986291172723,0.0008525101869888897
953,8.196348261822168,-0.0004873662414331115
954,8.186699129737658,-0.0018272083555498585
955,8.177039086822164,-0.0031669841049925297
956,8.167368325834675,-0.00450666143995332
957,8.157687040392254,-0.005846208311952927
958,8.147995424972125,-0.007185592674606917
959,8.138293674913697,-0.008524782484394429
960,8.128581986420619,-0.009863745701423966
961,8.118860556562796,-0.011202450290200568
962,8.109129583278374,-0.012540864220394608
963,8.099389265375743,-0.01387895546760758
964,8.089639802535496,-0.015216692014139515
965,8.079881395312386,-0.01655404184975529
966,8.070114245137226,-0.017890972972454018
967,8.060338554318827,-0.01922745338923338
968,8.050554526045877,-0.02056345111685693
969,8.040762364388794,-0.02189893418262198
970,8.03096227430156,-0.023233870625125722
971,8.021154461623572,-0.024568228495030268
972,8.01133913308141,-0.025901975855829665
973,8.001516496290606,-0.027235080784616207
974,7.991686759757401,-0.0285675113728451
975,7.981850132880433,-0.029899235727101608
976,7.972006825952466,-0.03123022196986381
977,7.96215705016202,-0.03256043824026883
978,7.952301017595004,-0.03388985269487763
979,7.942438941236308,-0.03521843350843962
980,7.932571034971404,-0.03654614887465449
981,7.92269751358784,-0.03787296700693808
982,7.912818592776768,-0.03919885613918452
983,7.9029344891344,-0.04052378452652912
984,7.893045420163449,-0.041847720446110466
985,7.883151604274519,-0.04317063219783266
986,7.873253260787461,-0.0444924881051272
987,7.863350609932709,-0.045813256515712567
988,7.853443872852535,-0.04713290580235668
989,7.843533271602304,-0.04845140436363563
990,7.833619029151673,-0.04976872062469356
991,7.8237013693857484,-0.051084823038001055
992,7.813780517106179,-0.05239968008411502
993,7.803856698032249,-0.05371326027243415
994,7.793930138801878,-0.055025532141958204
995,7.784001066972603,-0.05633646426204348
996,7.774069711022491,-0.05764602523315939
997,7.764136300351019,-0.05895418368764335
998,7.754201065279909,-0.06026090829045491
999,7.744264237053866,-0.0615661677399312
1000,7.734326047841323,-0.06286993076853843
1001,7.724386730735092,-0.06417216614362535
1002,7.7144465197529515,-0.06547284266817524
1003,7.704505649838228,-0.06677192918155543
1004,7.694564356860251,-0.06806939456026911
1005,7.6846228776147925,-0.06936520771870394
1006,7.674681449824424,-0.07065933760988095
1007,7.664740312138835,-0.07195175322620145
1008,7.654799704135057,-0.07324242360019434
1009,7.644859866317628,-0.07453131780526283
1010,7.634921040118698,-0.07581840495642872
1011,7.62498346789807,-0.07710365421107676
1012,7.615047392943151,-0.07838703476969809
1013,7.605113059468845,-0.0796685158766322
1014,7.595180712617389,-0.08094806682080771
1015,7.585250598458049,-0.08222565693648456
1016,7.575322963986821,-0.08350125560399174
1017,7.5653980571260036,-0.08477483225046567
1018,7.555476126723698,-0.08604635635058831
1019,7.545557422553228,-0.08731579742732307
1020,7.535642195312485,-0.08858312505264967
1021,7.52573069662318,-0.08984830884829817
1022,7.515823179030014,-0.09111131848648174
1023,7.505919895999731,-0.09237212369062976
1024,7.4960211019201335,-0.09363069423611664
1025,7.486127052098966,-0.09488699995099212
1026,7.476238002762698,-0.09614101071670997
1027,7.466354211055248,-0.09739269646885473
1028,7.456475935036581,-0.09864202719786742
1029,7.446603433681224,-0.09988897294976953
1030,7.436736966876645,-0.10113350382688814
1031,7.426876795421568,-0.10237558998857726
1032,7.417023181024172,-0.10361520165193779
1033,7.407176386300179,-0.10485230909253765
1034,7.397336674770839,-0.10608688264512925
1035,7.387504310860769,-0.10731889270436791
1036,7.3776795598957285,-0.10854830972552586
1037,7.367862688100253,-0.10977510422520712
1038,7.358053962595174,-0.11099924678205969
1039,7.348253651395033,-0.11222070803748627
1040,7.338462023405338,-0.11343945869635545
1041,7.3286793484197394,-0.11465546952770901
1042,7.318905897117047,-0.11586871136546927
1043,7.30914194105815,-0.11707915510914417
1044,7.299387752682774,-0.11828677172453146
1045,7.28964360530614,-0.11949153224442052
1046,7.279909773115444,-0.12069340776929421
1047,7.270186531166267,-0.12189236946802652
1048,7.260474155378773,-0.12308838857858205
1049,7.250772922533815,-0.12428143640871113
1050,7.241083110268894,-0.1254714843366437
1051,7.231404997073948,-0.1266585038117832
1052,7.221738862287008,-0.12784246635539762
1053,7.212084986089723,-0.12902334356130835
1054,7.2024436495026904,-0.1302011070965789
1055,7.192815134380671,-0.13137572870220068
1056,7.18319972340764,-0.13254718019377695
1057,7.173597700091653,-0.13371543346220638
1058,7.164009348759593,-0.13488046047436336
1059,7.154434954551714,-0.13604223327377732
1060,7.144874803416058,-0.13720072398130986
1061,7.135329182102652,-0.13835590479583124
1062,7.125798378157587,-0.13950774799489363
1063,7.116282679916896,-0.14065622593540303
1064,7.106782376500279,-0.14180131105428842
1065,7.0972977578046015,-0.14294297586917237
1066,7.08782911449729,-0.14408119297903446
1067,7.078376738009454,-0.14521593506487862
1068,7.068940920528921,-0.14634717489039312
1069,7.059521954993014,-0.14747488530261185
1070,7.050120135081139,-0.1485990392325747
1071,7.040735755207251,-0.1497196096959815
1072,7.031369110512037,-0.15083656979384863
1073,7.022020496854972,-0.15194989271316073
1074,7.012690210806132,-0.15305955172752178
1075,7.003378549637827,-0.15416552019780383
1076,6.994085811316037,-0.15526777157279287
1077,6.984812294491631,-0.15636627938983333
1078,6.9755582984913564,-0.1574610172754718
1079,6.966324123308669,-0.15855195894609586
1080,6.957110069594305,-0.15963907820857337
1081,6.947916438646672,-0.16072234896088702
1082,6.93874353240199,-0.16180174519277007
1083,6.929591653424247,-0.16287724098633619
1084,6.920461104894893,-0.16394881051671115
1085,6.911352190602366,-0.16501642805265782
1086,6.902265214931317,-0.16608006795720345
1087,6.8932004828516815,-0.16713970468826167
1088,6.8841582999074875,-0.16819531279925196
1089,6.875138972205409,-0.16924686693972038
1090,6.866142806403136,-0.17029434185595346
1091,6.857170109697444,-0.1713377123915942
1092,6.8482211898120955,-0.17237695348825147
1093,6.839296354985435,-0.17341204018611125
1094,6.830395913957796,-0.17444294762454143
1095,6.821520175958619,-0.17546965104269802
1096,6.812669450693353,-0.17649212578012635
1097,6.803844048330097,-0.1775103472773611
1098,6.795044279485982,-0.17852429107652346
1099,6.786270455213316,-0.17953393282191674
1100,6.777522886985477,-0.18053924826061749
1101,6.768801886682527,-0.18154021324306704
1102,6.760107766576591,-0.18253680372365805
1103,6.751440839316967,-0.18352899576132037
1104,6.742801417914973,-0.18451676552010327
1105,6.734189815728539,-0.18550008926975584
1106,6.725606346446532,-0.18647894338630402
1107,6.717051324072829,-0.18745330435262578
1108,6.708525062910074,-0.18842314875902447
1109,6.700027877543244,-0.18938845330379733
1110,6.691560082822863,-0.19034919479380474
1111,6.683121993848019,-0.1913053501450332
1112,6.674713925949068,-0.1922568963831579
1113,6.666336194670056,-0.1932038106441036
1114,6.65798911575091,-0.19414607017459956
1115,6.649673005109313,-0.1950836523327352
1116,6.6413881788223215,-0.1960165345885111
1117,6.633134953107708,-0.19694469452438804
1118,6.624913644305027,-0.197868109835833
1119,6.61672456885639,-0.19878675833186282
1120,6.6085680432869625,-0.19970061793558566
1121,6.600444384185219,-0.20060966668473743
1122,6.592353908182872,-0.20151388273221824
1123,6.584296931934535,-0.20241324434662497
1124,6.57627377209712,-0.20330772991278048
1125,6.568284745308941,-0.20419731793226115
1126,6.5603301681685355,-0.205081987023921
1127,6.552410357213247,-0.2059617159244116
1128,6.544525628897455,-0.20683648348870215
1129,6.536676299570566,-0.2077062686905956
1130,6.528862685454758,-0.20857105062323916
1131,6.521085102622377,-0.20943080849963672
1132,6.513343866973105,-0.21028552165315403
1133,6.505639294210845,-0.211135169538024
1134,6.497971699820305,-0.21197973172984735
1135,6.490341399043339,-0.21281918792609086
1136,6.48274870685498,-0.21365351794658327
1137,6.475193937939229,-0.21448270173400746
1138,6.4676774066645635,-0.2153067193543895
1139,6.460199427059137,-0.2161255509975868
1140,6.4527603127858235,-0.21693917697776766
1141,6.445360377116826,-0.21774757773389655
1142,6.437999932908158,-0.21855073383020845
1143,6.430679292573802,-0.219348625956685
1144,6.423398768059607,-0.22014123492952486
1145,6.416158670816954,-0.2209285416916119
1146,6.408959311776126,-0.22171052731298205
1147,6.401801001319445,-0.22248717299128434
1148,6.394684049254167,-0.22325846005224004
1149,6.38760876478512,-0.2240243699500983
1150,6.3805754564870565,-0.2247848842680909
1151,6.373584432276829,-0.2255399847188802
1152,6.366635999385268,-0.2262896531450072
1153,6.359730464328878,-0.22703387151933338
1154,6.35286813288124,-0.22777262194548267
1155,6.346049310044205,-0.22850588665827876
1156,6.3392743000188885,-0.22923364802417828
1157,6.332543406176434,-0.22995588854170101
1158,6.325856931028495,-0.23067259084186018
1159,6.319215176197619,-0.2313837376885832
1160,6.312618442387287,-0.23208931197913685
1161,6.30606702935187,-0.23278929674454213
1162,6.299561235866297,-0.23348367514999083
1163,6.293101359695581,-0.23417243049525596
1164,6.286687697564122,-0.23485554621510038
1165,6.28032054512483,-0.2355330058796823
1166,6.274000196928076,-0.23620479319495644
1167,6.267726946390482,-0.23687089200307132
1168,6.261501085763488,-0.23753128628276635
1169,6.255322906101805,-0.2381859601497628
1170,6.249192697231702,-0.23883489785715137
1171,6.243110747719117,-0.23947808379577845
1172,6.237077344837663,-0.2401155024946263
1173,6.2310927745364175,-0.24074713862119423
1174,6.225157321407696,-0.2413729769818702
1175,6.219271268654586,-0.24199300252230452
1176,6.213434898058422,-0.24260720032777763
1177,6.207648489946132,-0.24321555562356517
1178,6.201912323157481,-0.243818053775299
1179,6.1962266750122295,-0.2444146802893248
1180,6.190591821277148,-0.2450054208130583
1181,6.185008036133034,-0.24559026113533433
1182,6.179475592141572,-0.24616918718675584
1183,6.173994760212176,-0.24674218504003784
1184,6.168565809568741,-0.2473092409103483
1185,6.1631890077163565,-0.2478703411556461
1186,6.157864620408003,-0.24842547227701262
1187,6.152592911611156,-0.2489746209189847
1188,6.147374143474415,-0.24951777386987956
1189,6.142208576294057,-0.2500549180621204
1190,6.1370964684806735,-0.25058604057255307
1191,6.132038076525696,-0.2511111286227655
1192,6.127033654968005,-0.25163016957939877
1193,6.122083456360538,-0.2521431509544568
1194,6.117187731236927,-0.2526500604056113
1195,6.112346728078141,-0.25315088573650557
1196,6.107560693279227,-0.2536456148970512
1197,6.102829871116053,-0.25413423598372487
1198,6.098154503712158,-0.2546167372398582
1199,6.0935348310056625,-0.25509310705592636
1200,6.088971090716232,-0.25556333396983266
1201,6.0844635183122,-0.256027406667188
1202,6.08001234697772,-0.25648531398158947
1203,6.075617807580103,-0.2569370448948922
1204,6.0712801286372065,-0.25738258853748086
1205,6.06699953628504,-0.25782193418853366
1206,6.062776254245415,-0.25825507127628805
1207,6.058610503793864,-0.2586819893782959
1208,6.05450250372763,-0.2591026782216814
1209,6.050452470333877,-0.2595171276833919
1210,6.04646061735808,-0.25992532779044525
1211,6.0425271559726035,-0.2603272687201749
1212,6.038652294745494,-0.2607229408004704
1213,6.034836239609495,-0.2611123345100134
1214,6.031079193831282,-0.26149544047851175
1215,6.027381357980919,-0.26187224948692894
1216,6.023742929901616,-0.2622427524677092
1217,6.02016410467968,-0.26260694050500044
1218,6.016645074614787,-0.2629648048348726
1219,6.0131860291905195,-0.26331633684553113
1220,6.009787155045181,-0.2636615280775294
1221,6.006448635942923,-0.26400037022397554
1222,6.003170652745194,-0.2643328551307356
1223,5.9999533833825005,-0.264658974796633
1224,5.9967970028264945,-0.2649787213736455
1225,5.993701683062419,-0.2652920871670966
1226,5.990667593061901,-0.2655990646358444
1227,5.987694898756105,-0.26589964639246605
1228,5.984783763009259,-0.2661938252034391
1229,5.9819343455925615,-0.26648159398931887
1230,5.979146803158525,-0.2667629458249103
1231,5.976421289215632,-0.26703787393944
1232,5.9737579541035,-0.26730637171672045
1233,5.971156944968411,-0.2675684326953124
1234,5.968618405739289,-0.26782405056868364
1235,5.966142477104144,-0.26807321918536253
1236,5.963729296486914,-0.2683159325490897
1237,5.961378998024814,-0.26855218481896465
1238,5.9590917125461464,-0.2687819703095877
1239,5.956867567548584,-0.26900528349120056
1240,5.954706687177889,-0.26922211898982235
1241,5.952609192207259,-0.2694324715873786
1242,5.950575200017027,-0.26963633622183186
1243,5.948604824574982,-0.26983370798730383
1244,5.9466981764171365,-0.2700245821341966
1245,5.944855362629093,-0.2702089540693081
1246,5.943076486827876,-0.27038681935594533
1247,5.9413616491443575,-0.27055817371403235
1248,5.939710946206211,-0.27072301302021556
1249,5.938124471121436,-0.2708813333079641
1250,5.936602313462429,-0.27103313076766744
1251,5.935144559250632,-0.2711784017467289
1252,5.933751290941784,-0.2713171427496542
1253,5.932422587411723,-0.2714493504381372
1254,5.931158523942781,-0.27157502163114255
1255,5.929959172210815,-0.27169415330498187
1256,5.928824600272783,-0.27180674259338883
1257,5.927754872554964,-0.27191278678758923
1258,5.926750049841759,-0.27201228333636746
1259,5.925810189265167,-0.2721052298461278
1260,5.924935344294806,-0.272191624080954
1261,5.924125564728625,-0.27227146396266305
1262,5.923380896684196,-0.2723447475708568
1263,5.922701382590668,-0.27241147314296854
1264,5.922087061181347,-0.2724716390743059
1265,5.921537967486928,-0.27252524391808985
1266,5.921054132829356,-0.27257228638548997
1267,5.920635584816324,-0.27261276534565654
1268,5.92028234733645,-0.2726466798257473
1269,5.919994440555068,-0.2726740290109513
1270,5.919771880910692,-0.2726948122445093
1271,5.919614681112149,-0.27270902902772814
1272,5.919522850136322,-0.2727166790199942
1273,5.919496393226576,-0.2727177620387809
1274,5.919535311891851,-0.2727122780596531
1275,5.919639603906378,-0.27270022721626747
1276,5.91980926331009,-0.272681609800369
1277,5.920044280409654,-0.2726564262617836
1278,5.920344641780197,-0.27262467720840616
1279,5.920710330267638,-0.272586363406187
1280,5.921141324991727,-0.27254148577911125
1281,5.921637601349707,-0.27249004540917626
1282,5.922199131020616,-0.27243204353636585
1283,5.922825881970277,-0.27236748155861823
1284,5.923517818456893,-0.2722963610317929
1285,5.924274901037328,-0.2722186836696309
1286,5.9250970865740005,-0.27213445134371267
1287,5.925984328242415,-0.27204366608341357
1288,5.926936575539351,-0.2719463300758516
1289,5.927953774291675,-0.27184244566583476
1290,5.92903586666576,-0.2717320153558035
1291,5.930182791177576,-0.271615041805768
1292,5.931394482703361,-0.2714915278332433
1293,5.9326708724908945,-0.27136147641318087
1294,5.934011888171453,-0.2712248906778934
1295,5.9354174537722875,-0.27108177391697935
1296,5.936887489729778,-0.27093212957724044
1297,5.938421912903091,-0.2707759612625991
1298,5.9400206365885255,-0.2706132727340075
1299,5.941683570534361,-0.27044406790935693
1300,5.943410620956337,-0.27026835086338047
1301,5.945201690553688,-0.270086125827552
1302,5.947056678525707,-0.2698973971899843
1303,5.948975480588924,-0.269702169495319
1304,5.950957988994783,-0.2695004474446164
1305,5.953004092547891,-0.2692922358952392
1306,5.955113676624795,-0.2690775398607332
1307,5.957286623193282,-0.2688563645107039
1308,5.959522810832193,-0.2686287151706898
1309,5.961822114751757,-0.2683945973220317
1310,5.96418440681443,-0.2681540166017373
1311,5.966609555556211,-0.26790697880234343
1312,5.969097426208463,-0.26765348987177373
1313,5.971647880720212,-0.267393555913191
1314,5.974260777780871,-0.2671271831848503
1315,5.976935972843502,-0.26685437809994167
1316,5.9796733181484365,-0.2665751472264358
1317,5.982472662747395,-0.26628949728692136
1318,5.985333852528058,-0.2659974351584385
1319,5.988256730238964,-0.26569896787231273
1320,5.991241135514925,-0.26539410261398033
1321,5.994286904902782,-0.2650828467228122
1322,5.997393871887555,-0.2647652076919344
1323,6.000561866919001,-0.26444119316804365
1324,6.003790717438527,-0.26411081095121974
1325,6.00708024790647,-0.26377406899473377
1326,6.0104302798297145,-0.26343097540485366
1327,6.013840631789688,-0.2630815384406439
1328,6.017311119470634,-0.2627257665137642
1329,6.020841555688242,-0.26236366818826273
1330,6.024431750418602,-0.26199525218036473
1331,6.028081510827395,-0.2616205273582608
1332,6.0317906412994535,-0.2612395027418871
1333,6.035558943468537,-0.2608521875027058
1334,6.03938621624742,-0.26045859096347795
1335,6.043272255858192,-0.2600587225980373
1336,6.04721685586283,-0.25965259203105695
1337,6.051219807194051,-0.2592402090378116
1338,6.055280898186297,-0.25882158354393986
1339,6.059399914607009,-0.2583967256251999
1340,6.063576639688078,-0.2579656455072224
1341,6.0678108541574955,-0.2575283535652598
1342,6.072102336271179,-0.25708486032393235
1343,6.0764508618449975,-0.25663517645696854
1344,6.0808562042869205,-0.2561793127869455
1345,6.085318134629361,-0.25571728028502133
1346,6.089836421561629,-0.255249090070668
1347,6.094410831462538,-0.25477475341139744
1348,6.0990411284331145,-0.25429428172248597
1349,6.103727074329434,-0.2538076865666947
1350,6.108468428795569,-0.25331497965398514
1351,6.113264949296591,-0.25281617284123314
1352,6.118116391151695,-0.25231127813193793
1353,6.123022507567383,-0.2518003076759274
1354,6.1279830496707115,-0.25128327376906073
1355,6.132997766542559,-0.25076018885292767
1356,6.138066405251009,-0.2502310655145423
1357,6.14318871088468,-0.24969591648603645
1358,6.148364426586165,-0.24915475464434594
1359,6.153593293585422,-0.24860759301089616
1360,6.158875051233207,-0.24805444475128247
1361,6.164209437034487,-0.24749532317494818
1362,6.169596186681854,-0.2469302417348581
1363,6.175035034088901,-0.24635921402716976
1364,6.180525711423593,-0.24578225379089955
1365,6.18606794914159,-0.24519937490758656
1366,6.191661476019522,-0.2446105914009524
1367,6.1973060191882166,-0.2440159174365581
1368,6.203001304165846,-0.24341536732145733
1369,6.208747054891035,-0.24280895550384576
1370,6.214542993755867,-0.2421966965727078
1371,6.220388841638832,-0.2415786052574582
1372,6.226284317937631,-0.24095469642758352
1373,6.23222914060194,-0.24032498509227657
1374,6.238223026166043,-0.239689486400069
1375,6.244265689781317,-0.23904821563846212
1376,6.2503568452486755,-0.2384011882335502
1377,6.256496205050789,-0.23774841974964547
1378,6.262683480384257,-0.23708992588889533
1379,6.268918381191554,-0.23642572249090027
1380,6.275200616192918,-0.23575582553232408
1381,6.2815298929180345,-0.23508025112650366
1382,6.28790591773753,-0.2343990155230565
1383,6.294328395894389,-0.23371213510748043
1384,6.300797031535126,-0.23301962640075463
1385,6.3073115277407865,-0.23232150605893576
1386,6.3138715865578305,-0.2316177908727485
1387,6.320476909028725,-0.23090849776717814
1388,6.327127195222444,-0.23019364380105423
1389,6.333822144264721,-0.22947324616663392
1390,6.3405614543680935,-0.22874732218918206
1391,6.347344822861762,-0.22801588932654804
1392,6.354171946221236,-0.22727896516873788
1393,6.361042520097749,-0.22653656743748524
1394,6.367956239347487,-0.22578871398581732
1395,6.374912798060534,-0.2250354227976196
1396,6.381911889589657,-0.22427671198719598
1397,6.388953206578823,-0.22351259979882537
1398,6.396036440991488,-0.22274310460631686
1399,6.403161284138636,-0.22196824491256092
1400,6.41032742670662,-0.22118803934907583
1401,6.417534558784691,-0.22040250667555447
1402,6.424782369892357,-0.21961166577940436
1403,6.432070549006416,-0.21881553567528772
1404,6.4393987845877865,-0.21801413550465626
1405,6.446766764608068,-0.21720748453528435
1406,6.4541741765758545,-0.2163956021607974
1407,6.461620707562754,-0.21557850790019953
1408,6.469106044229187,-0.21475622139739653
1409,6.4766298728499,-0.2139287624207158
1410,6.484191879339205,-0.21309615086242484
1411,6.491791749275986,-0.21225840673824428
1412,6.499429167928369,-0.21141555018686162
1413,6.507103820278222,-0.21056760146943648
1414,6.5148153910452695,-0.20971458096910942
1415,6.522563564711027,-0.20885650919050222
1416,6.530348025542411,-0.20799340675921849
1417,6.538168457615073,-0.20712529442134073
1418,6.546024544836477,-0.20625219304292414
1419,6.5539159709687045,-0.20537412360948673
1420,6.5618424196509455,-0.20449110722549882
1421,6.56980357442175,-0.20360316511386714
1422,6.577799118740968,-0.20271031861541838
1423,6.585828736011448,-0.20181258918837783
1424,6.593892109600419,-0.20090999840784635
1425,6.601988922860606,-0.20000256796527505
1426,6.61011885915107,-0.199090319667936
1427,6.61828160185777,-0.19817327543839056
1428,6.626476834413837,-0.19725145731395502
1429,6.634704240319573,-0.19632488744616386
1430,6.642963503162171,-0.19539358810022922
1431,6.65125430663513,-0.19445758165450042
1432,6.659576334557469,-0.1935168905999155
1433,6.667929270892571,-0.1925715375394553
1434,6.67631279976679,-0.1916215451875934
1435,6.684726605487801,-0.1906669363697411
1436,6.693170372562644,-0.18970773402169258
1437,6.701643785715511,-0.18874396118906575
1438,6.710146529905241,-0.1877756410267419
1439,6.718678290342564,-0.18680279679830109
1440,6.727238752507057,-0.18582545187545618
1441,6.735827602163844,-0.18484362973748383
1442,6.744444525380011,-0.1838573539706528
1443,6.753089208540778,-0.18286664826764945
1444,6.761761338365354,-0.1818715364270024
1445,6.770460601922604,-0.18087204235250187
1446,6.7791866866463675,-0.17986819005261942
1447,6.787939280350593,-0.1788600036399222
1448,6.796718071244139,-0.17784750733048846
1449,6.805522747945382,-0.17683072544331652
1450,6.814352999496519,-0.1758096823997345
1451,6.823208515377648,-0.17478440272280538
1452,6.832088985520571,-0.17375491103673138
1453,6.84099410032234,-0.1727212320662555
1454,6.849923550658603,-0.17168339063605864
1455,6.858877027896619,-0.17064141167015856
1456,6.867854223908104,-0.16959532019130225
1457,6.876854831081799,-0.16854514132035792
1458,6.885878542335777,-0.16749090027570543
1459,6.894925051129556,-0.16643262237262205
1460,6.903994051475926,-0.16537033302266882
1461,6.913085237952578,-0.16430405773307158
1462,6.922198305713475,-0.16323382210610243
1463,6.93133295049999,-0.16215965183845768
1464,6.9404888686518325,-0.1610815727206335
1465,6.949665757117739,-0.15999961063629908
1466,6.9588633134659235,-0.15891379156166902
1467,6.968081235894326,-0.15782414156487212
1468,6.97731922324063,-0.15673068680531815
1469,6.9865769749920545,-0.15563345353306351
1470,6.995854191294941,-0.15453246808817367
1471,7.005150572964129,-0.15342775690008345
1472,7.014465821492099,-0.15231934648695641
1473,7.02379963905792,-0.15120726345504112
1474,7.033151728536003,-0.15009153449802498
1475,7.042521793504632,-0.14897218639638676
1476,7.0519095382542565,-0.14784924601674873
1477,7.06131466779568,-0.14672274031122232
1478,7.07073688786795,-0.14559269631675642
1479,7.080175904946119,-0.14445914115448044
1480,7.089631426248771,-0.14332210202904752
1481,7.099103159745389,-0.14218160622797438
1482,7.108590814163501,-0.14103768112098056
1483,7.118094098995662,-0.1398903541593245
1484,7.127612724506267,-0.1387396528751376
1485,7.137146401738139,-0.13758560488075788
1486,7.146694842518954,-0.1364282378680615
1487,7.156257759467525,-0.13526757960779
1488,7.165834865999878,-0.13410365794887807
1489,7.175425876335131,-0.13293650081778033
1490,7.185030505501253,-0.13176613621779387
1491,7.194648469340653,-0.130592592228379
1492,7.204279484515547,-0.12941589700448167
1493,7.213923268513235,-0.12823607877584958
1494,7.223579539651163,-0.12705316584635007
1495,7.233248017081844,-0.12586718659328502
1496,7.2429284207976465,-0.12467816946670278
1497,7.252620471635398,-0.12348614298871051
1498,7.26232389128085,-0.1222911357527834
1499,7.272038402272978,-0.1210931764230742
1500,7.281763728008162,-0.11989229373371818
1501,7.291499592744204,-0.11868851648813906
1502,7.301245721604232,-0.11748187355835041
1503,7.311001840580386,-0.11627239388426053
1504,7.320767676537458,-0.11506010647297055
1505,7.330542957216367,-0.11384504039807221
1506,7.340327411237452,-0.11262722479894778
1507,7.3501207681036975,-0.11140668888006316
1508,7.359922758203809,-0.11018346191026274
1509,7.369733112815147,-0.10895757322206184
1510,7.379551564106534,-0.10772905221093888
1511,7.389377845140969,-0.10649792833462415
1512,7.3992116898781894,-0.10526423111238818
1513,7.409052833177137,-0.10402799012432846
1514,7.418901010798283,-0.10278923501065586
1515,7.428755959405859,-0.101547995470978
1516,7.438617416569969,-0.10030430126358209
1517,7.448485120768584,-0.09905818220471663
1518,7.458358811389435,-0.09780966816787157
1519,7.468238228731795,-0.09655878908305698
1520,7.478123114008161,-0.09530557493608065
1521,7.4880132093458265,-0.09405005576782449
1522,7.497908257788357,-0.09279226167351963
1523,7.507808003296951,-0.09153222280202067
1524,7.517712190751747,-0.09026996935507739
1525,7.527620565952971,-0.08900553158660701
1526,7.53753287562207,-0.08773893980196286
1527,7.547448867402633,-0.08647022435720737
1528,7.557368289861373,-0.08519941565837559
1529,7.567290892488899,-0.08392654416074485
1530,7.5772164257004615,-0.08265164036809913
1531,7.5871446408365895,-0.08137473483199505
1532,7.597075290163666,-0.08009585815102371
1533,7.607008126874385,-0.07881504097007565
1534,7.616942905088174,-0.07753231397959992
1535,7.626879379851493,-0.07624770791486708
1536,7.636817307138095,-0.07496125355522665
1537,7.646756443849196,-0.07367298172336677
1538,7.656696547813559,-0.07238292328457195
1539,7.666637377787504,-0.07109110914598048
1540,7.6765786934549105,-0.0697975702558374
1541,7.686520255427048,-0.06850233760275269
1542,7.696461825242433,-0.06720544221495281
1543,7.706403165366544,-0.06590691515953571
1544,7.716344039191521,-0.06460678754172297
1545,7.726284211035808,-0.06330509050410921
1546,7.7362234461436765,-0.06200185522591564
1547,7.7461615106847646,-0.060697112922237464
1548,7.756098171753483,-0.059390894843295156
1549,7.766033197368419,-0.05808323227368156
1550,7.775966356471672,-0.0567741565316091
1551,7.785897418928113,-0.0554636989681575
1552,7.795826155524587,-0.05415189096652126
1553,7.805752337969118,-0.052838763941252614
1554,7.8156757388900004,-0.05152434933750799
1555,7.825596131834874,-0.05020867863029176
1556,7.8355132912697405,-0.048891783323699964
1557,7.84542699257793,-0.04757369495016362
1558,7.855337012059021,-0.04625444506969133
1559,7.8652431269277265,-0.04493406526911068
1560,7.87514511531274,-0.0436125871613091
1561,7.885042756255505,-0.042290042384475854
1562,7.894935829708986,-0.04096646260134139
1563,7.904824116536377,-0.03964187949841714
1564,7.914707398509749,-0.038316324785236014
1565,7.924585458308718,-0.03698983019358966
1566,7.934458079519026,-0.03566242747676739
1567,7.944325046631092,-0.034334148408795014
1568,7.954186145038545,-0.03300502478367167
1569,7.964041161036726,-0.03167508841460643
1570,7.973889881821116,-0.030344371133256942
1571,7.983732095485796,-0.029012904788964056
1572,7.993567591021818,-0.027680721247988788
1573,8.003396158315567,-0.026347852392748804
1574,8.013217588147107,-0.025014330121053422
1575,8.02303167218849,-0.02368018634533833
1576,8.032838203002015,-0.02234545299190136
1577,8.042636974038505,-0.021010162000137247
1578,8.05242777963551,-0.019674345321771945
1579,8.062210415015524,-0.018338034920097036
1580,8.07198467628414,-0.017001262769205043
1581,8.081750360428243,-0.01566406085322092
1582,8.09150726531409,-0.014326461165539166
1583,8.101255189685457,-0.012988495708055447
1584,8.110993933161712,-0.011650196490400501
1585,8.120723296235898,-0.010311595529173802
1586,8.130443080272748,-0.00897272484717868
1587,8.14015308750675,-0.007633616472653112
1588,8.149853121040122,-0.006294302438506411
1589,8.159542984840854,-0.004954814781548842
1590,8.169222483740645,-0.0036151855417278496
1591,8.17889142343289,-0.002275446761360028
1592,8.1885496104706,-0.000935630484366554
1593,8.198196852264362,0.0004042312444959215
1594,8.20783295708023,0.0017441063803992826
1595,8.217457734037666,0.0030839628792125396
1596,8.22707099310739,0.004423768698265472
1597,8.236672545109275,0.005763491797116076
1598,8.246262201710236,0.007103100138316583
1599,8.255839775422047,0.008442561688178305
1600,8.26540507959923,0.009781844417538134
1601,8.274957928436853,0.011120916302523176
1602,8.28449813696839,0.012459745325315852
1603,8.294025521063515,0.013798299474919326
1604,8.30353989742594,0.015136546747922114
1605,8.313041083591179,0.01647445514926077
1606,8.32252889792438,0.01781199269298633
1607,8.332003159618091,0.019149127403026274
1608,8.341463688690055,0.020485827313948574
1609,8.35091030598098,0.021822060471724185
1610,8.360342833152306,0.023157794934490307
1611,8.369761092683987,0.024492998773312537
1612,8.379164907872237,0.025827640072946228
1613,8.388554102827314,0.02716168693259956
1614,8.397928502471238,0.028495107466692208
1615,8.407287932535558,0.0298278698056164
1616,8.416632219559112,0.031159942096498326
1617,8.425961190885761,0.03249129250395687
1618,8.435274674662148,0.03382188921086275
1619,8.444572499835417,0.035151700419096904
1620,8.453854496150964,0.03648069435030748
1621,8.463120494150195,0.03780883924666969
1622,8.472370325168244,0.03913610337164046
1623,8.481603821331731,0.040462455010715964
1624,8.49082081555649,0.04178786247218631
1625,8.5000211415453,0.04311229408789029
1626,8.509204633785666,0.044435718213971416
1627,8.518371127547505,0.04575810323162876
1628,8.527520458880959,0.047079417547873655
1629,8.536652464614066,0.048399629596277687
1630,8.54576698235057,0.04971870783772716
1631,8.55486385046764,0.05103662076117339
1632,8.563942908113638,0.05235333688438204
1633,8.573003995205843,0.05366882475468102
1634,8.582046952428263,0.054983052949712695
1635,8.591071621229348,0.05629599007817765
1636,8.600077843819802,0.0576076047805847
1637,8.609065463170307,0.05891786572999347
1638,8.618034323009331,0.06022674163276245
1639,8.626984267820875,0.06153420122928993
1640,8.635915142842302,0.06284021329476178
1641,8.644826794062089,0.06414474663988959
1642,8.653719068217633,0.06544777011165488
1643,8.66259181279304,0.06674925259404747
1644,8.671444876016928,0.06804916300880524
1645,8.68027810686026,0.0693474703161548
1646,8.689091355034138,0.07064414351554703
1647,8.697884470987622,0.07193915164639345
1648,8.706657305905578,0.07323246378880327
1649,8.715409711706485,0.0745240490643155
1650,8.724141541040302,0.07581387663663464
1651,8.73285264728629,0.077101915712361
1652,8.74154288455089,0.07838813554172284
1653,8.750212107665556,0.07967250541930555
1654,8.758860172184665,0.08095499468478241
1655,8.76748693438334,0.08223557272363899
1656,8.77609225125537,0.08351420896790221
1657,8.784675980511102,0.08479087289686597
1658,8.793237980575306,0.08606553403781274
1659,8.801778110585124,0.08733816196673895
1660,8.810296230387953,0.08860872630907544
1661,8.818792200539386,0.08987719674040841
1662,8.827265882301116,0.09114354298719689
1663,8.835717137638916,0.09240773482749316
1664,8.844145829220544,0.09366974209165693
1665,8.852551820413735,0.09492953466307244
1666,8.860934975284135,0.09618708247886047
1667,8.869295158593298,0.09744235553059205
1668,8.87763223579665,0.09869532386499909
1669,8.885946073041492,0.09994595758468408
1670,8.894236537165007,0.10119422684882934
1671,8.90250349569224,0.10244010187390164
1672,8.910746816834145,0.1036835529343597
1673,8.918966369485604,0.10492455036335782
1674,8.92716202322347,0.10616306455344839
1675,8.93533364830459,0.10739906595728171
1676,8.943481115663888,0.10863252508830644
1677,8.951604296912432,0.10986341252146922
1678,8.95970306433547,0.11109169889390708
1679,8.967777290890558,0.11231735490564604
1680,8.97582685020564,0.11354035132029326
1681,8.983851616577153,0.11476065896572854
1682,8.991851464968132,0.11597824873479412
1683,8.999826271006343,0.11719309158598426
1684,9.007775910982417,0.11840515854413133
1685,9.01570026184799,0.11961442070109121
1686,9.02359920121386,0.12082084921642718
1687,9.031472607348151,0.1220244153180915
1688,9.0393203591745,0.12322509030310662
1689,9.047142336270202,0.12442284553824183
1690,9.05493841886445,0.12561765246069143
1691,9.062708487836513,0.12680948257874922
1692,9.07045242471395,0.12799830747248195
1693,9.078170111670861,0.1291840987944014
1694,9.085861431526101,0.1303668282701341
1695,9.093526267741517,0.13154646769908718
1696,9.101164504420225,0.132722988955117
1697,9.108776026304854,0.13389636398719154
1698,9.116360718775853,0.13506656482005464
1699,9.12391846784976,0.13623356355488617
1700,9.131449160177493,0.1373973323699589
1701,9.13895268304267,0.13855784352129774
1702,9.146428924359927,0.13971506934333347
1703,9.15387777267324,0.14086898224955555
1704,9.161299117154257,0.14201955473316263
1705,9.168692847600676,0.1431667593677139
1706,9.176058854434563,0.14431056880777293
1707,9.183397028700762,0.1454509557895558
1708,9.190707262065267,0.14658789313157344
1709,9.19798944681359,0.14772135373527157
1710,9.205243475849185,0.14885131058567025
1711,9.21246924269185,0.1499777367520016
1712,9.219666641476152,0.1511006053883446
1713,9.226835566949871,0.15221988973425793
1714,9.23397591447243,0.15333556311541105
1715,9.241087580013337,0.15444759894421178
1716,9.248170460150694,0.15555597072043548
1717,9.255224452069623,0.15666065203184718
1718,9.262249453560766,0.1577616165548241
1719,9.269245363018797,0.15885883805497805
1720,9.276212079440906,0.15995229038777084
1721,9.283149502425337,0.16104194749913273
1722,9.290057532169884,0.1621277834260736
1723,9.296936069470465,0.16320977229729688
1724,9.303785015719619,0.1642878883338055
1725,9.310604272905124,0.16536210584951333
1726,9.317393743608525,0.16643239925184702
1727,9.324153331003721,0.16749874304234944
1728,9.330882938855531,0.16856111181727773
1729,9.337582471518349,0.16961948026820647
1730,9.344251833934695,0.17067382318261784
1731,9.350890931633856,0.17172411544449773
1732,9.357499670730512,0.17277033203492592
1733,9.364077957923389,0.17381244803266604
1734,9.370625700493886,0.17485043861475047
1735,9.37714280630474,0.1758842790570645
1736,9.3836291837987,0.17691394473492816
1737,9.390084741997203,0.1779394111236756
1738,9.39650939049908,0.17896065379923248
1739,9.402903039479206,0.1799776484386878
1740,9.40926559968727,0.18099037082086902
1741,9.415596982446443,0.18199879682690903
1742,9.421897099652142,0.1830029024408148
1743,9.428165863770742,0.1840026637500306
1744,9.434403187838349,0.18499805694600147
1745,9.440608985459527,0.18598905832473078
1746,9.4467831708061,0.18697564428734012
1747,9.452925658615902,0.1879577913406209
1748,9.459036364191578,0.1889354760975883
1749,9.465115203399382,0.18990867527803051
1750,9.471162092667974,0.19087736570905464
1751,9.477176948987234,0.19184152432563095
1752,9.483159689907094,0.1928011281711359
1753,9.489110233536383,0.19375615439789104
1754,9.495028498541663,0.19470658026769913
1755,9.500914404146059,0.19565238315237707
1756,9.506767870128156,0.19659354053428857
1757,9.512588816820864,0.1975300300068727
1758,9.518377165110286,0.1984618292751694
1759,9.524132836434628,0.19938891615634322
1760,9.529855752783089,0.2003112685802039
1761,9.535545836694757,0.20122886458972308
1762,9.541203011257561,0.2021416823415519
1763,9.546827200107181,0.20304970010653237
1764,9.55241832742598,0.20395289627020685
1765,9.557976317941954,0.20485124933332485
1766,9.563501096927686,0.2057447379123486
1767,9.56899259019932,0.20663334073995343
1768,9.574450724115525,0.20751703666552762
1769,9.5798754255765,0.20839580465566923
1770,9.58526662202292,0.20926962379467595
1771,9.590624241434977,0.21013847328503935
1772,9.595948212331377,0.21100233244793057
1773,9.601238463768361,0.21186118072368612
1774,9.606494925338705,0.2127149976722876
1775,9.611717527170807,0.2135637629738447
1776,9.616906199927685,0.21440745642906808
1777,9.622060874806051,0.21524605795974458
1778,9.627181483535379,0.21607954760920783
1779,9.632267958376946,0.21690790554280412
1780,9.637320232122946,0.2177311120483595
1781,9.642338238095569,0.21854914753664156
1782,9.647321910146069,0.21936199254181565
1783,9.652271182653898,0.22016962772190368
1784,9.657185990525814,0.22097203385923644
1785,9.662066269194987,0.2217691918609032
1786,9.666911954620158,0.2225610827592002
1787,9.67172298328474,0.22334768771207344
1788,9.676499292195992,0.22412898800356096
1789,9.681240818884165,0.22490496504423077
1790,9.685947501401655,0.22567560037161546
1791,9.690619278322197,0.22644087565064674
1792,9.69525608874002,0.22720077267408215
1793,9.699857872269043,0.22795527336293203
1794,9.704424569042073,0.22870435976688394
1795,9.708956119710002,0.22944801406472115
1796,9.713452465441026,0.23018621856474092
1797,9.717913547919876,0.23091895570516963
1798,9.722339309346996,0.23164620805456992
1799,9.726729692437836,0.232367958312253
1800,9.73108464042206,0.23308418930868055
1801,9.735404097042803,0.2337948840058678
1802,9.739688006555948,0.23450002549778245
1803,9.743936313729375,0.23519959701074
1804,9.748148963842231,0.23589358190379509
1805,9.752325902684213,0.2365819636691308
1806,9.756467076554882,0.23726472593244785
1807,9.76057243226292,0.2379418524533431
1808,9.764641917125472,0.23861332712569275
1809,9.768675478967435,0.23927913397802814
1810,9.772673066120777,0.23993925717390777
1811,9.776634627423892,0.24059368101229056
1812,9.780560112220899,0.24124238992790015
1813,9.784449470361002,0.24188536849159067
1814,9.788302652197851,0.24252260141070736
1815,9.792119608588854,0.2431540735294413
1816,9.795900290894606,0.2437797698291889
1817,9.799644650978216,0.24439967542889912
1818,9.803352641204693,0.2450137755854221
1819,9.80702421444034,0.24562205569385415
1820,9.81065932405214,0.2462245012878789
1821,9.814257923907167,0.2468210980401063
1822,9.817819968372003,0.2474118317624072
1823,9.821345412312102,0.24799668840624262
1824,9.824834211091261,0.24857565406299428
1825,9.828286320571047,0.2491487149642907
1826,9.831701697110223,0.2497158574823266
1827,9.835080297564181,0.2502770681301829
1828,9.838422079284392,0.25083233356213924
1829,9.8417270001179,0.2513816405739904
1830,9.84499501840672,0.251924976103349
1831,9.8482260929874,0.2524623272299578
1832,9.851420183190402,0.252993681175984
1833,9.854577248839654,0.253519025306323
1834,9.857697250252004,0.25403834712889045
1835,9.86078014823675,0.2545516342949167
1836,9.863825904095116,0.2550588745992333
1837,9.866834479619788,0.25556005598055903
1838,9.869805837094415,0.25605516652178084
1839,9.872739939293142,0.2565441944502328
1840,9.87563674948014,0.25702712813797046
1841,9.878496231409159,0.2575039561020441
1842,9.881318349323038,0.25797466700476335
1843,9.884103067953294,0.25843924965396575
1844,9.886850352519668,0.25889769300327625
1845,9.88956016872968,0.2593499861523652
1846,9.892232482778212,0.25979611834720245
1847,9.894867261347088,0.26023607898031037
1848,9.897464471604653,0.26066985759100936
1849,9.900024081205352,0.2610974438656622
1850,9.90254605828936,0.261518827637917
1851,9.905030371482153,0.26193399888894225
1852,9.907476989894148,0.2623429477476619
1853,9.909885883120282,0.2627456644909851
1854,9.912257021239675,0.26314213954403387
1855,9.914590374815232,0.26353236348036546
1856,9.9168859148933,0.2639163270221947
1857,9.91914361300328,0.26429402104060745
1858,9.921363441157322,0.2646654365557772
1859,9.923545371849933,0.2650305647371713
1860,9.925689378057651,0.2653893969037586
1861,9.927795433238742,0.2657419245242133
1862,9.929863511332831,0.2660881392171118
1863,9.931893586760607,0.2664280327511297
1864,9.933885634423511,0.2667615970452344
1865,9.935839629703395,0.2670888241688711
1866,9.93775554846228,0.26740970634215216
1867,9.939633367041983,0.26772423593603384
1868,9.94147306226391,0.2680324054724989
1869,9.943274611428706,0.2683342076247277
1870,9.945037992316005,0.26862963521727096
1871,9.946763183184167,0.268918681226217
1872,9.948450162769992,0.2692013387793551
1873,9.950098910288482,0.2694776011563372
1874,9.951709405432565,0.2697474617888328
1875,9.95328162837286,0.2700109142606838
1876,9.954815559757439,0.27026795230805367
1877,9.956311180711591,0.2705185698195743
1878,9.957768472837573,0.2707627608364871
1879,9.959187418214423,0.27100051955278437
1880,9.960567999397712,0.27123184031534325
1881,9.961910199419336,0.27145671762405726
1882,9.963214001787334,0.27167514613196686
1883,9.964479390485637,0.27188712064538056
1884,9.96570634997395,0.2720926361240013
1885,9.966894865187488,0.27229168768103934
1886,9.968044921536844,0.27248427058332925
1887,9.969156504907797,0.27267038025143947
1888,9.970229601661128,0.2728500122597784
1889,9.971264198632474,0.27302316233669954
1890,9.972260283132169,0.2731898263646001
1891,9.973217842945076,0.27335000038001733
1892,9.974136866330452,0.273503680573721
1893,9.97501734202181,0.273650863290803
1894,9.97585925922676,0.2737915450307619
1895,9.976662607626913,0.27392572244758495
1896,9.977427377377726,0.2740533923498264
1897,9.978153559108412,0.2741745517006829
1898,9.978841143921798,0.27428919761806253
1899,9.979490123394232,0.27439732737465344
1900,9.98010048957549,0.27449893839798756
1901,9.980672234988686,0.27459402827050217
1902,9.98120535263015,0.27468259472959283
1903,9.981699835969366,0.2747646356676692
1904,9.982155678948896,0.27484014913220345
1905,9.982572875984314,0.2749091333257773
1906,9.982951421964117,0.2749715866061217
1907,9.983291312249678,0.27502750748615706
1908,9.983592542675185,0.27507689463402696
1909,9.983855109547603,0.2751197468731311
1910,9.98407900964661,0.2751560631821505
1911,9.984264240224592,0.27518584269507484
1912,9.984410799006566,0.27520908470121924
1913,9.984518684190194,0.2752257886452437
1914,9.98458789444574,0.27523595412716534
1915,9.984618428916065,0.275239580902368
1916,9.984610287216597,0.27523666888160714
1917,9.984563469435354,0.27522721813101414
1918,9.984477976132933,0.2752112288720934
1919,9.984353808342508,0.2751887014817179
1920,9.98419096756987,0.2751596364921215
1921,9.983989455793422,0.2751240345908855
1922,9.983749275464202,0.27508189662092275
1923,9.983470429505932,0.27503322358045956
1924,9.983152921315044,0.2749780166230121
1925,9.982796754760715,0.2749162770573587
1926,9.982401934184926,0.2748480063475116
1927,9.981968464402506,0.27477320611268097
1928,9.9814963507012,0.2746918781272391
1929,9.980985598841718,0.27460402432067793
1930,9.980436215057821,0.2745096467775654
1931,9.979848206056399,0.2744087477374971
1932,9.979221579017533,0.27430132959504333
1933,9.97855634159459,0.27418739489969385
1934,9.977852501914336,0.27406694635579976
1935,9.977110068577009,0.2739399868225099
1936,9.97632905065643,0.27380651931370364
1937,9.975509457700127,0.2736665469979231
1938,9.974651299729421,0.2735200731982961
1939,9.9737545872396,0.27336710139246406
1940,9.972819331199984,0.2732076352124958
1941,9.971845543054098,0.27304167844480615
1942,9.9708332347198,0.2728692350300673
1943,9.969782418589443,0.27269030906311864
1944,9.96869310752999,0.2725049047928682
1945,9.967565314883203,0.27231302662219725
1946,9.96639905446578,0.272114679107855
1947,9.965194340569544,0.2719098669603551
1948,9.963951187961614,0.2716985950438654
1949,9.962669611884577,0.2714808683760944
1950,9.961349628056672,0.27125669212817455
1951,9.959991252671994,0.27102607162454206
1952,9.958594502400683,0.2707890123428133
1953,9.957159394389114,0.2705455199136565
1954,9.955685946260154,0.27029560012066334
1955,9.954174176113302,0.27003925890020936
1956,9.952624102524991,0.2697765023413222
1957,9.951035744548742,0.2695073366855335
1958,9.949409121715453,0.2692317683267387
1959,9.94774425403361,0.2689498038110458
1960,9.946041161989537,0.26866144983662316
1961,9.944299866547647,0.26836671325354367
1962,9.94252038915071,0.26806560106362676
1963,9.940702751720085,0.2677581204202722
1964,9.938846976656032,0.26744427862829695
1965,9.936953086837947,0.2671240831437624
1966,9.935021105624669,0.2667975415738026
1967,9.933051056854763,0.26646466167644667
1968,9.931042964846808,0.26612545136043764
1969,9.928996854399696,0.2657799186850488
1970,9.92691275079293,0.2654280718598944
1971,9.924790679786957,0.26506991924474116
1972,9.922630667623467,0.26470546934931155
1973,9.920432741025738,0.26433473083308684
1974,9.918196927198924,0.26395771250510297
1975,9.915923253830448,0.2635744233237492
1976,9.9136117490903,0.2631848723965555
1977,9.911262441631413,0.2627890689799833
1978,9.908875360589985,0.26238702247920653
1979,9.906450535585888,0.261978742447897
1980,9.903987996723,0.261564238587998
1981,9.901487774589588,0.26114352074949926
1982,9.898949900258689,0.2607165989302075
1983,9.896374405288498,0.2602834832755137
1984,9.893761321722772,0.25984418407815696
1985,9.891110682091202,0.2593987117779828
1986,9.888422519409845,0.2589470769617016
1987,9.885696867181522,0.2584892903626408
1988,9.882933759396252,0.2580253628604956
1989,9.880133230531655,0.2575553054810737
1990,9.877295315553404,0.25707912939604005
1991,9.874420049915656,0.2565968459226552
1992,9.871507469561491,0.2561084665235109
1993,9.868557610923379,0.2556140028062644
1994,9.865570510923629,0.2551134665233668
1995,9.862546206974852,0.25460686957178913
1996,9.859484736980434,0.2540942239927437
1997,9.85638613933501,0.2535755419714044
1998,9.853250452924964,0.2530508358366229
1999,9.85007771712891,0.2525201180606397
2000,9.84686797181819,0.2519834012587942
2001,9.843621257357377,0.2514406981892291
2002,9.8403376146048,0.25089202175259445
2003,9.837017084913048,0.25033738499174474
2004,9.833659710129504,0.24977680109143602
2005,9.830265532596878,0.24921028337801718
2006,9.826834595153747,0.24863784531911962
2007,9.823366941135086,0.24805950052334164
2008,9.819862614372852,0.24747526273993276
2009,9.816321659196518,0.24688514585847068
2010,9.81274412043365,0.2462891639085384
2011,9.809130043410496,0.24568733105939683
2012,9.805479473952538,0.24507966161965242
2013,9.801792458385114,0.24446617003692464
2014,9.798069043533971,0.2438468708975067
2015,9.794309276725917,0.243221778926027
2016,9.7905132057894,0.24259090898510385
2017,9.786680879055144,0.24195427607499942
2018,9.782812345356744,0.2413118953332674
2019,9.77890765403134,0.24066378203440172
2020,9.774966854920232,0.2400099515894785
2021,9.770989998369515,0.2393504195457951
2022,9.766977135230782,0.23868520158650972
2023,9.762928316861718,0.23801431353027083
2024,9.758843595126821,0.23733777133085132
2025,9.754723022398062,0.23665559107677273
2026,9.75056665155557,0.2359677889909318
2027,9.746374535988313,0.23527438143021878
2028,9.742146729594822,0.2345753848851369
2029,9.737883286783877,0.23387081597941634
2030,9.733584262475222,0.23316069146962465
2031,9.7292497121003,0.232445028244776
2032,9.724879691602974,0.23172384332593637
2033,9.720474257440285,0.23099715386582578
2034,9.71603346658316,0.23026497714841543
2035,9.711557376517183,0.22952733058852437
2036,9.707046045243372,0.22878423173141282
2037,9.702499531278926,0.22803569825237097
2038,9.697917893658019,0.22728174795630626
2039,9.693301191932573,0.2265223987773259
2040,9.688649486173052,0.22575766877831774
2041,9.683962836969283,0.22498757615052836
2042,9.679241305431221,0.22421213921313482
2043,9.674484953189813,0.22343137641281904
2044,9.669693842397797,0.22264530632333418
2045,9.664868035730546,0.22185394764507055
2046,9.660007596386906,0.221057319204618
2047,9.655112588090043,0.2202554399543241
2048,9.650183075088298,0.21944832897185132
2049,9.64521912215607,0.21863600545973036
2050,9.64022079459467,0.21781848874491047
2051,9.63518815823322,0.21699579827830617
2052,9.630121279429545,0.21616795363434307
2053,9.625020225071058,0.21533497451049802
2054,9.61988506257568,0.21449688072683804
2055,9.614715859892753,0.21365369222555655
2056,9.609512685503962,0.21280542907050495
2057,9.60427560842428,0.21195211144672407
2058,9.599004698202911,0.21109375965997115
2059,9.593700024924228,0.21023039413624206
2060,9.588361659208735,0.20936203542129406
2061,9.582989672214044,0.20848870418016394
2062,9.57758413563585,0.207610421196684
2063,9.572145121708932,0.20672720737299477
2064,9.5666727032081,0.20583908372905352
2065,9.561166953449275,0.2049460714021443
2066,9.555627946290409,0.2040481916463779
2067,9.550055756132593,0.2031454658321982
2068,9.54445045792105,0.20223791544587863
2069,9.538812127146162,0.20132556208901736
2070,9.533140839844547,0.2004084274780326
2071,9.5274366726001,0.1994865334436518
2072,9.521699702545055,0.19855990193039907
2073,9.515930007361082,0.19762855499608162
2074,9.510127665280352,0.19669251481127117
2075,9.504292755086654,0.1957518036587846
2076,9.49842535611648,0.1948064439331603
2077,9.492525548260142,0.19385645814013175
2078,9.486593411962884,0.19290186889609973
2079,9.480629028226057,0.19194269892760277
2080,9.474632478608212,0.1909789710707821
2081,9.468603845226253,0.19001070827084374
2082,9.46254321075665,0.18903793358152463
2083,9.456450658436548,0.18806067016454592
2084,9.450326272064975,0.1870789412890718
2085,9.444170136004036,0.18609277033116234
2086,9.437982335180084,0.18510218077322366
2087,9.431762955084963,0.18410719620345725
2088,9.425512081777203,0.1831078403153048
2089,9.419229801883244,0.18210413690689112
2090,9.412916202598689,0.1810961098804662
2091,9.406571371689566,0.18008378324184332
2092,9.400195397493533,0.17906718109983275
2093,9.393788368921186,0.17804632766567613
2094,9.38735037545732,0.1770212472524781
2095,9.380881507162236,0.17599196427463357
2096,9.374381854673002,0.1749585032472538
2097,9.36785150920479,0.1739208887855897
2098,9.36129056255217,0.17287914560445278
2099,9.354699107090463,0.17183329851763468
2100,9.348077235777033,0.17078337243732142
2101,9.341425042152686,0.16972939237350929
2102,9.33474262034298,0.16867138343341484
2103,9.328030065059634,0.16760937082088573
2104,9.321287471601863,0.16654337983580542
2105,9.314514935857794,0.16547343587349933
2106,9.307712554305844,0.16439956442413572
2107,9.300880424016135,0.16332179107212588
2108,9.294018642651922,0.1622401414955234
2109,9.287127308471003,0.16115464146541716
2110,9.280206520327155,0.1600653168453248
2111,9.273256377671595,0.1589721935905844
2112,9.266276980554442,0.15787529774774367
2113,9.259268429626156,0.15677465545394362
2114,9.252230826139051,0.1556702929363058
2115,9.245164271948767,0.15456223651131223
2116,9.238068869515757,0.1534505125841857
2117,9.230944721906841,0.15233514764826897
2118,9.22379193279667,0.1512161682843974
2119,9.216610606469283,0.1500936011602741
2120,9.209400847819662,0.14896747302984162
2121,9.202162762355261,0.14783781073265023
2122,9.194896456197577,0.1467046411932251
2123,9.187602036083714,0.14556799142043084
2124,9.180279609367973,0.14442788850683555
2125,9.172929284023445,0.14328435962807085
2126,9.165551168643614,0.14213743204219115
2127,9.158145372443967,0.14098713308903035
2128,9.15071200526362,0.13983349018955674
2129,9.143251177566954,0.13867653084522544
2130,9.135763000445262,0.1375162826373302
2131,9.128247585618388,0.13635277322635048
2132,9.120705045436415,0.13518603035130072
2133,9.113135492881334,0.13401608182907432
2134,9.105539041568727,0.13284295555378645
2135,9.097915805749462,0.1316666794961155
2136,9.090265900311412,0.13048728170264307
2137,9.08258944078116,0.12930479029519057
2138,9.074886543325729,0.12811923347015483
2139,9.067157324754328,0.126930639497843
2140,9.059401902520097,0.12573903672180323
2141,9.05162039472186,0.12454445355815512
2142,9.043812920105918,0.12334691849491983
2143,9.035979598067787,0.12214646009134315
2144,9.028120548654021,0.12094310697722326
2145,9.020235892564012,0.11973688785223319
2146,9.012325751151776,0.11852783148524113
2147,9.004390246427805,0.11731596671363159
2148,8.996429501060867,0.11610132244262154
2149,8.98844363837987,0.11488392764457867
2150,8.980432782375699,0.11366381135833381
2151,8.972397057703088,0.11244100268849604
2152,8.964336589682485,0.11121553080476272
2153,8.956251504301916,0.10998742494122814
2154,8.948141928218906,0.10875671439569383
2155,8.940007988762368,0.10752342852897413
2156,8.931849813934495,0.10628759676419988
2157,8.923667532412699,0.10504924858612308
2158,8.915461273551548,0.1038084135404192
2159,8.90723116738468,0.10256512123298549
2160,8.898977344626777,0.10131940132924194
2161,8.890699936675489,0.10007128355342594
2162,8.88239907561344,0.0988207976878906
2163,8.874074894210187,0.0975679735723978
2164,8.865727525924202,0.09631284110341126
2165,8.85735710490487,0.0950554302333877
2166,8.8489637659945,0.09379577097006776
2167,8.840547644730327,0.09253389337576305
2168,8.832108877346544,0.09126982756664502
2169,8.82364760077632,0.09000360371202958
2170,8.81516395265386,0.08873525203366282
2171,8.806658071316441,0.08746480280500375
2172,8.798130095806462,0.08619228635050546
2173,8.789580165873524,0.08491773304489682
2174,8.781008421976486,0.08364117331246089
2175,8.772415005285566,0.08236263762631359
2176,8.763800057684414,0.08108215650767975
2177,8.755163721772211,0.07979976052516936
2178,8.746506140865806,0.07851548029405286
2179,8.737827459001767,0.07722934647553119
2180,8.72912782093858,0.07594138977601221
2181,8.720407372158691,0.07465164094637662
2182,8.711666258870709,0.073360130781251
2183,8.702904628011522,0.07206689011827594
2184,8.694122627248454,0.07077194983737245
2185,8.685320404981404,0.06947534086000878
2186,8.676498110345035,0.06817709414846579
2187,8.667655893210917,0.06687724070510084
2188,8.658793904189714,0.06557581157161062
2189,8.649912294633376,0.06427283782829421
2190,8.641011216637324,0.06296835059331468
2191,8.632090823042617,0.06166238102195621
2192,8.623151267438184,0.06035496030588655
2193,8.614192704163013,0.059046119672413785
2194,8.60521528830836,0.05773589038374305
2195,8.596219175719966,0.056424303736233784
2196,8.587204523000285,0.05511139105965524
2197,8.578171487510684,0.053797183716439725
2198,8.569120227373702,0.052481713100937875
2199,8.560050901475254,0.0511650106386701
2200,8.550963669466878,0.04984710778557876
2201,8.541858691767985,0.048528036027280785
2202,8.532736129568088,0.047207826878316005
2203,8.523596144829055,0.04588651188139821
2204,8.514438900287338,0.04456412260666215
2205,8.505264559456258,0.043240690650913675
2206,8.496073286628246,0.0419162476368768
2207,8.48686524687706,0.04059082521243719
2208,8.477640606060103,0.03926445504989247
2209,8.46839953082064,0.037937168845194456
2210,8.459142188590075,0.03660899831719525
2211,8.449868747590203,0.03527997520689056
2212,8.440579376835473,0.033950131276662514
2213,8.431274246135244,0.032619498309523445
2214,8.421953526096043,0.03128810810835625
2215,8.412617388123849,0.02995599249515879
2216,8.403266004426321,0.0286231833102824
2217,8.393899548015057,0.02728971241167228
2218,8.384518192707874,0.025955611674109633
2219,8.37512211313104,0.024620912988448762
2220,8.36571148472153,0.023285648260857425
2221,8.356286483729273,0.021949849412054554
2222,8.346847287219392,0.020613548376548572
2223,8.337394073074467,0.019276777101875524
2224,8.327927019996732,0.017939567547834965
2225,8.318446307510351,0.016601951685728516
2226,8.308952115963601,0.015263961497594255
2227,8.299444626531137,0.013925628975445255
2228,8.28992402121618,0.01258698612050374
2229,8.280390482852724,0.01124806494243613
2230,8.270844195107749,0.009908897458589227
2231,8.261285342483419,0.0085695156932248
2232,8.251714110319258,0.007229951676754388
2233,8.242130684794326,0.005890237444972636
2234,8.232535252929402,0.004550405038292484
2235,8.22292800258914,0.003210486500979049
2236,8.213309122484207,0.0018705138803828526
2237,8.203678802173432,0.0005305192261733513
2238,8.194037232065934,-0.00080946541042712
2239,8.18438460342324,-0.0021494079774102746
2240,8.174721108361368,-0.00348927642274979
2241,8.165046939852948,-0.004829038695166284
2242,8.15536229172928,-0.006168662744895882
2243,8.145667358682408,-0.007508116524456147
2244,8.135962336267152,-0.008847367989414835
2245,8.126247420903152,-0.01018638509915551
2246,8.116522809876882,-0.011525135817645398
2247,8.10678870134365,-0.012863588114202492
2248,8.097045294329575,-0.014201709964262392
2249,8.087292788733563,-0.015539469350145227
2250,8.077531385329232,-0.016876834261823535
2251,8.067761285766839,-0.01821377269768922
2252,8.057982692575202,-0.019550252665318485
2253,8.048195809163566,-0.020886242182240847
2254,8.038400839823467,-0.02222170927670433
2255,8.028597989730576,-0.023556621988441943
2256,8.018787464946502,-0.024890948369438212
2257,8.008969472420583,-0.026224656484695845
2258,7.999144219991662,-0.027557714412999992
2259,7.989311916389815,-0.02889009024768452
2260,7.9794727712380595,-0.03022175209739781
2261,7.969626995054043,-0.031552668086867484
2262,7.9597747992516945,-0.03288280635766465
2263,7.949916396142841,-0.03421213506896954
2264,7.94005199893882,-0.035540622398334054
2265,7.930181821752023,-0.03686823654244684
2266,7.920306079597435,-0.0381949457178957
2267,7.910424988394121,-0.03952071816193175
2268,7.900538764966701,-0.040845522133231
2269,7.890647627046754,-0.04216932591265722
2270,7.880751793274234,-0.043492097804023126
2271,7.870851483198802,-0.044813806134852016
2272,7.860946917281135,-0.046134419257139396
2273,7.851038316894225,-0.04745390554811105
2274,7.841125904324572,-0.04877223341098599
2275,7.831209902773407,-0.05008937127573326
2276,7.821290536357823,-0.05140528759983158
2277,7.811368030111875,-0.05271995086902832
2278,7.801442609987649,-0.05403332959809527
2279,7.791514502856268,-0.05534539233158696
2280,7.781583936508845,-0.0566561076445969
2281,7.771651139657403,-0.05796544414351329
2282,7.7617163419357365,-0.059273370466774125
2283,7.751779773900228,-0.060579855285620945
2284,7.741841667030602,-0.06188486730485356
2285,7.7319022537306346,-0.06318837526358166
2286,7.72196176732879,-0.0644903479359788
2287,7.712020442078829,-0.0657907541320324
2288,7.70207851316032,-0.06708956269829598
2289,7.692136216679146,-0.06838674251863727
2290,7.682193789667882,-0.06968226251498923
2291,7.6722514700861835,-0.07097609164809653
2292,7.662309496821052,-0.07226819891826376
2293,7.652368109687042,-0.07355855336610384
2294,7.642427549426456,-0.07484712407328031
2295,7.632488057709412,-0.07613388016325429
2296,7.622549877133839,-0.07741879080202924
2297,7.612613251225467,-0.07870182519889145
2298,7.602678424437669,-0.07998295260715392
2299,7.592745642151274,-0.08126214232489684
2300,7.582815150674291,-0.08253936369570729
2301,7.5728871972415455,-0.08381458610941925
2302,7.56296203001425,-0.08508777900285076
2303,7.553039898079505,-0.08635891186054107
2304,7.5431210514496865,-0.08762795421548668
2305,7.533205741061765,-0.08889487564987633
2306,7.523294218776545,-0.09015964579582478
2307,7.5133867373778225,-0.09142223433610452
2308,7.503483550571417,-0.09268261100487873
2309,7.493584912984161,-0.09394074558843012
