run_id,Vrf_low_kV,Vrf_high_kV,voltage_ratio,jump_turns,jump_start_turn,T_s_turns_low,jump_over_Ts,min_time_sigma_ns,turn_of_min,hit_end_of_window,eps_growth,valid,under_threshold
run_1785876051422147,1.0,320.0,320.0,5,500,45812.73677588731,0.00010913995434194751,1.9696688989999906,1160,False,22086.183022697653,False,True
run_1785876053294338,1.0,320.0,320.0,20,500,45812.73677588731,0.00043655981736779003,1.9696986628708353,1167,False,22084.254899515465,False,True
run_1785876055173410,1.0,320.0,320.0,80,500,45812.73677588731,0.0017462392694711601,1.9706742557382602,1197,False,22049.44637852092,False,True
run_1785876057051024,1.0,320.0,320.0,320,500,45812.73677588731,0.0069849570778846405,1.9869016159887591,1316,False,21492.910933072537,False,True
run_1785876058888690,1.0,320.0,320.0,1280,500,45812.73677588731,0.027939828311538562,2.302037730769074,1752,False,15212.740565035558,False,False
run_1785876060531589,1.0,320.0,320.0,5120,500,45812.73677588731,0.11175931324615425,3.8632072960678885,2835,False,5182.038365238515,False,False
run_1785876061939111,1.0,320.0,320.0,20480,500,45812.73677588731,0.447037252984617,28.711095532067326,2999,True,156.3100809821524,False,False
run_1785876063343064,12.055555555555555,320.0,26.543778801843317,5,500,13194.49030757781,0.0003789460512262773,3.411080432696787,1148,False,1876.6393227227654,False,False
run_1785876064740811,12.055555555555555,320.0,26.543778801843317,20,500,13194.49030757781,0.0015157842049051092,3.4111585050021174,1156,False,1876.538678953196,False,False
run_1785876066177102,12.055555555555555,320.0,26.543778801843317,80,500,13194.49030757781,0.006063136819620437,3.4137029864110926,1186,False,1873.7882294405902,False,False
run_1785876067597397,12.055555555555555,320.0,26.543778801843317,320,500,13194.49030757781,0.024252547278481747,3.4579126026191935,1305,False,1826.0905580113415,False,False
run_1785876069047736,12.055555555555555,320.0,26.543778801843317,1280,500,13194.49030757781,0.09701018911392699,4.104164229674416,1742,False,1293.5709889217385,False,False
run_1785876070527574,12.055555555555555,320.0,26.543778801843317,5120,500,13194.49030757781,0.38804075645570796,6.779357263543988,2800,False,463.77411034354253,False,False
run_1785876072006538,12.055555555555555,320.0,26.543778801843317,20480,500,13194.49030757781,1.5521630258228318,15.890830190032371,2999,True,31.736880414444045,False,False
run_1785876073565310,23.11111111111111,320.0,13.846153846153847,5,500,9529.625114556056,0.0005246796112013613,4.005132121829132,1147,False,978.3046932313376,False,False
run_1785876075351362,23.11111111111111,320.0,13.846153846153847,20,500,9529.625114556056,0.0020987184448054454,4.005140044421405,1155,False,978.2862072384854,False,False
run_1785876077022960,23.11111111111111,320.0,13.846153846153847,80,500,9529.625114556056,0.008394873779221781,4.0077530340404435,1185,False,977.0120048727272,False,False
run_1785876078820219,23.11111111111111,320.0,13.846153846153847,320,500,9529.625114556056,0.033579495116887126,4.056990659123263,1305,False,953.1884418021349,False,False
run_1785876080678939,23.11111111111111,320.0,13.846153846153847,1280,500,9529.625114556056,0.1343179804675485,4.780775343438217,1742,False,682.372541604984,False,False
run_1785876082551994,23.11111111111111,320.0,13.846153846153847,5120,500,9529.625114556056,0.537271921870194,7.63145305414397,2780,False,250.95769787298312,False,False
run_1785876084403560,23.11111111111111,320.0,13.846153846153847,20480,500,9529.625114556056,2.149087687480776,13.713819167182526,2999,True,23.22318312835105,False,False
run_1785876086000129,34.166666666666664,320.0,9.365853658536587,5,500,7837.632933698828,0.00063794771231272,4.411203191356842,1147,False,658.6807514001017,False,False
run_1785876087550001,34.166666666666664,320.0,9.365853658536587,20,500,7837.632933698828,0.00255179084925088,4.411174165579984,1155,False,658.6874728182449,False,False
run_1785876088957095,34.166666666666664,320.0,9.365853658536587,80,500,7837.632933698828,0.01020716339700352,4.413672173402956,1185,False,657.9271302429979,False,False
run_1785876090348307,34.166666666666664,320.0,9.365853658536587,320,500,7837.632933698828,0.04082865358801408,4.464850068591608,1304,False,642.5481328505306,False,False
run_1785876091735654,34.166666666666664,320.0,9.365853658536587,1280,500,7837.632933698828,0.16331461435205633,5.223301787146933,1742,False,464.0507510428282,False,False
run_1785876093285943,34.166666666666664,320.0,9.365853658536587,5120,500,7837.632933698828,0.6532584574082253,8.081853566169036,2761,False,171.73763588397162,False,False
run_1785876094893653,34.166666666666664,320.0,9.365853658536587,20480,500,7837.632933698828,2.613033829632901,12.562753286587862,2999,True,19.132893516181475,False,False
run_1785876096597806,45.22222222222222,320.0,7.076167076167076,5,500,6812.558923614885,0.0007339386060453912,4.7274644205067275,1147,False,493.83897826899,False,False
run_1785876098247324,45.22222222222222,320.0,7.076167076167076,20,500,6812.558923614885,0.002935754424181565,4.727366012681023,1155,False,493.8578616688817,False,False
run_1785876100053441,45.22222222222222,320.0,7.076167076167076,80,500,6812.558923614885,0.01174301769672626,4.729674010121972,1185,False,493.35451634634785,False,False
run_1785876101912299,45.22222222222222,320.0,7.076167076167076,320,500,6812.558923614885,0.04697207078690504,4.78138422348609,1305,False,482.259753521529,False,False
run_1785876103799739,45.22222222222222,320.0,7.076167076167076,1280,500,6812.558923614885,0.18788828314762016,5.55408593265375,1743,False,350.7024262878028,False,False
run_1785876105622803,45.22222222222222,320.0,7.076167076167076,5120,500,6812.558923614885,0.7515531325904806,8.35021477843839,2741,False,128.8824490710533,False,False
run_1785876107115049,45.22222222222222,320.0,7.076167076167076,20480,500,6812.558923614885,3.0062125303619225,11.817697735208169,2999,True,16.066105580409044,False,False
run_1785876108516332,56.27777777777778,320.0,5.686080947680158,5,500,6106.856959008725,0.0008187517791167665,4.989727860147471,1147,False,392.67143665587423,False,False
run_1785876109927082,56.27777777777778,320.0,5.686080947680158,20,500,6106.856959008725,0.003275007116467066,4.98955489969048,1155,False,392.6970773079287,False,False
run_1785876111485984,56.27777777777778,320.0,5.686080947680158,80,500,6106.856959008725,0.013100028465868264,4.9916342404872385,1185,False,392.3458077276203,False,False
run_1785876112894470,56.27777777777778,320.0,5.686080947680158,320,500,6106.856959008725,0.052400113863473055,5.043022064987663,1305,False,383.8306648776164,False,False
run_1785876114389609,56.27777777777778,320.0,5.686080947680158,1280,500,6106.856959008725,0.20960045545389222,5.817836318562103,1743,False,280.56939496659965,False,False
run_1785876116342152,56.27777777777778,320.0,5.686080947680158,5120,500,6106.856959008725,0.8384018218155689,8.515821123329898,2723,False,101.41175968466104,False,False
run_1785876118142999,56.27777777777778,320.0,5.686080947680158,20480,500,6106.856959008725,3.3536072872622755,11.290120319164435,2999,True,13.261952466559261,False,False
run_1785876119779625,67.33333333333333,320.0,4.752475247524753,5,500,5583.045363839298,0.0008955685784651488,5.215466354991036,1148,False,323.8508129699796,False,False
run_1785876121330260,67.33333333333333,320.0,4.752475247524753,20,500,5583.045363839298,0.0035822743138605954,5.215238821241197,1155,False,323.8815377098343,False,False
run_1785876123070603,67.33333333333333,320.0,4.752475247524753,80,500,5583.045363839298,0.014329097255442381,5.217069154787672,1185,False,323.62956122728616,False,False
run_1785876124600345,67.33333333333333,320.0,4.752475247524753,320,500,5583.045363839298,0.057316389021769526,5.267588476128931,1305,False,316.82797877635437,False,False
run_1785876126049192,67.33333333333333,320.0,4.752475247524753,1280,500,5583.045363839298,0.2292655560870781,6.036449837150396,1743,False,232.42756694288784,False,False
run_1785876127729079,67.33333333333333,320.0,4.752475247524753,5120,500,5583.045363839298,0.9170622243483124,8.616467315807789,2707,False,82.04448358770418,False,False
run_1785876129626169,67.33333333333333,320.0,4.752475247524753,20480,500,5583.045363839298,3.6682488973932497,10.892797162368897,2999,True,10.587532346748983,False,False
run_1785876131184794,78.38888888888889,320.0,4.082211197732105,5,500,5174.387581298968,0.000966297928294117,5.414667384237493,1148,False,273.71013024366,False,False
run_1785876132806244,78.38888888888889,320.0,4.082211197732105,20,500,5174.387581298968,0.003865191713176468,5.4143904830252465,1155,False,273.74244631555416,False,False
run_1785876134322222,78.38888888888889,320.0,4.082211197732105,80,500,5174.387581298968,0.015460766852705872,5.4159621230850306,1185,False,273.5596515492633,False,False
run_1785876135762115,78.38888888888889,320.0,4.082211197732105,320,500,5174.387581298968,0.06184306741082349,5.465232595252578,1305,False,267.9738363885579,False,False
run_1785876137292105,78.38888888888889,320.0,4.082211197732105,1280,500,5174.387581298968,0.24737226964329395,6.222383777634833,1744,False,197.0186921702663,False,False
run_1785876139062185,78.38888888888889,320.0,4.082211197732105,5120,500,5174.387581298968,0.9894890785731758,8.672972408371846,2696,False,67.56025020032122,False,False
run_1785876140558724,78.38888888888889,320.0,4.082211197732105,20480,500,5174.387581298968,3.9579563142927032,10.576643799436685,2999,True,8.102975974734822,False,False
run_1785876142118410,89.44444444444444,320.0,3.577639751552795,5,500,4844.060080272385,0.0010321919871230925,5.593605386254447,1148,False,235.32976694904517,False,False
run_1785876143603589,89.44444444444444,320.0,3.577639751552795,20,500,4844.060080272385,0.00412876794849237,5.593268235810581,1156,False,235.36220426205216,False,False
run_1785876145130084,89.44444444444444,320.0,3.577639751552795,80,500,4844.060080272385,0.01651507179396948,5.594574908557569,1186,False,235.23001316430063,False,False
run_1785876146669090,89.44444444444444,320.0,3.577639751552795,320,500,4844.060080272385,0.06606028717587792,5.642336120830952,1305,False,230.54921293594785,False,False
run_1785876148249700,89.44444444444444,320.0,3.577639751552795,1280,500,4844.060080272385,0.2642411487035117,6.3834601937708815,1744,False,169.65942484996708,False,False
run_1785876149739921,89.44444444444444,320.0,3.577639751552795,5120,500,4844.060080272385,1.0569645948140467,8.697780066367248,2693,False,56.306015182251386,False,False
run_1785876151217694,89.44444444444444,320.0,3.577639751552795,20480,500,4844.060080272385,4.227858379256187,10.311664902989907,2999,True,5.909005502660194,False,False
run_1785876152647847,100.5,320.0,3.18407960199005,5,500,4569.8629082881525,0.001094124725477372,5.756502040412561,1148,False,204.83342759667264,False,False
run_1785876154276362,100.5,320.0,3.18407960199005,20,500,4569.8629082881525,0.004376498901909488,5.756100698196743,1156,False,204.86703428492171,False,False
run_1785876155727476,100.5,320.0,3.18407960199005,80,500,4569.8629082881525,0.017505995607637954,5.757149108010433,1186,False,204.77294099995635,False,False
run_1785876157171065,100.5,320.0,3.18407960199005,320,500,4569.8629082881525,0.07002398243055181,5.803195622936326,1305,False,200.78889827859297,False,False
run_1785876159077889,100.5,320.0,3.18407960199005,1280,500,4569.8629082881525,0.28009592972220726,6.524943715999589,1744,False,147.7221885756786,False,False
run_1785876160992528,100.5,320.0,3.18407960199005,5120,500,4569.8629082881525,1.120383718888829,8.698253337217896,2714,False,47.35920490794508,False,False
run_1785876162463303,100.5,320.0,3.18407960199005,20480,500,4569.8629082881525,4.481534875555316,10.07915751859872,2999,True,4.087211024239451,False,False
run_1785876164050588,111.55555555555556,320.0,2.8685258964143427,5,500,4337.511080695151,0.0011527348073537775,5.906334766000055,1149,False,179.87966383573354,False,False
run_1785876165544343,111.55555555555556,320.0,2.8685258964143427,20,500,4337.511080695151,0.00461093922941511,5.905887668517327,1156,False,179.9144184399279,False,False
run_1785876167138106,111.55555555555556,320.0,2.8685258964143427,80,500,4337.511080695151,0.01844375691766044,5.906682507788508,1186,False,179.84990587214904,False,False
run_1785876168852955,111.55555555555556,320.0,2.8685258964143427,320,500,4337.511080695151,0.07377502767064176,5.950851720424018,1306,False,176.41812544103965,False,False
run_1785876170698032,111.55555555555556,320.0,2.8685258964143427,1280,500,4337.511080695151,0.29510011068256703,6.6505382506808735,1743,False,129.62041317439073,False,False
run_1785876172542271,111.55555555555556,320.0,2.8685258964143427,5120,500,4337.511080695151,1.1804004427302681,8.641632569717732,2999,True,41.479630698039884,False,False
run_1785876174104594,111.55555555555556,320.0,2.8685258964143427,20480,500,4337.511080695151,4.7216017709210725,9.860107758113383,2490,False,2.8938081809808684,False,False
run_1785876175635885,122.61111111111111,320.0,2.6098776619845943,5,500,4137.340658867041,0.0012085057558130074,6.045313608902941,1149,False,158.97251517345478,False,False
run_1785876177259747,122.61111111111111,320.0,2.6098776619845943,20,500,4137.340658867041,0.0048340230232520294,6.044830473686168,1156,False,159.00704147274348,False,False
run_1785876179213070,122.61111111111111,320.0,2.6098776619845943,80,500,4137.340658867041,0.019336092093008118,6.045378614045344,1186,False,158.96601194066898,False,False
run_1785876180721402,122.61111111111111,320.0,2.6098776619845943,320,500,4137.340658867041,0.07734436837203247,6.0875187100493875,2590,False,155.98514119203602,False,False
run_1785876182382668,122.61111111111111,320.0,2.6098776619845943,1280,500,4137.340658867041,0.3093774734881299,6.762959301143995,1743,False,114.33723225260428,False,False
run_1785876183870153,122.61111111111111,320.0,2.6098776619845943,5120,500,4137.340658867041,1.2375098939525195,8.57122023984701,2999,True,36.89756927020705,False,False
run_1785876185310935,122.61111111111111,320.0,2.6098776619845943,20480,500,4137.340658867041,4.950039575810078,9.656099537588052,2299,False,2.109318523351607,False,False
run_1785876187111056,133.66666666666666,320.0,2.3940149625935163,5,500,3962.5488797298167,0.0012618140877901098,6.175117490737353,1149,False,141.10831910622906,False,False
run_1785876189312445,133.66666666666666,320.0,2.3940149625935163,20,500,3962.5488797298167,0.005047256351160439,6.1745849962029995,1157,False,141.1424167131968,False,False
run_1785876190957788,133.66666666666666,320.0,2.3940149625935163,80,500,3962.5488797298167,0.020189025404641757,6.174898277670743,1187,False,141.12026727196434,False,False
run_1785876192821082,133.66666666666666,320.0,2.3940149625935163,320,500,3962.5488797298167,0.08075610161856703,6.214890264891144,2590,False,138.514377672724,False,False
run_1785876194295377,133.66666666666666,320.0,2.3940149625935163,1280,500,3962.5488797298167,0.3230244064742681,6.864261047831882,1743,False,101.19205913245207,False,False
run_1785876195894216,133.66666666666666,320.0,2.3940149625935163,5120,500,3962.5488797298167,1.2920976258970724,8.496724502862724,2999,True,33.109822641541946,False,False
run_1785876197478586,133.66666666666666,320.0,2.3940149625935163,20480,500,3962.5488797298167,5.16839050358829,9.467634381377819,2150,False,1.5687654885045774,False,False
run_1785876199011501,144.72222222222223,320.0,2.2111324376199617,5,500,3808.1897203731805,0.00131295979642265,6.2970407012949305,1150,False,125.59036513200621,False,False
run_1785876200546822,144.72222222222223,320.0,2.2111324376199617,20,500,3808.1897203731805,0.0052518391856906,6.296471590873525,1157,False,125.62486288702615,False,False
run_1785876202065114,144.72222222222223,320.0,2.2111324376199617,80,500,3808.1897203731805,0.0210073567427624,6.296557666587233,1187,False,125.6182573518787,False,False
run_1785876203823191,144.72222222222223,320.0,2.2111324376199617,320,500,3808.1897203731805,0.0840294269710496,6.334338322176672,2590,False,123.3280955467447,False,False
run_1785876205363387,144.72222222222223,320.0,2.2111324376199617,1280,500,3808.1897203731805,0.3361177078841984,6.956026906624737,1742,False,89.71155562660046,False,False
run_1785876206984299,144.72222222222223,320.0,2.2111324376199617,5120,500,3808.1897203731805,1.3444708315367937,8.42117319754296,2999,True,29.896935632252823,False,False
run_1785876209012721,144.72222222222223,320.0,2.2111324376199617,20480,500,3808.1897203731805,5.377883326147175,9.293738133422208,2029,False,1.1852221476602514,False,False
run_1785876210814717,155.77777777777777,320.0,2.0542082738944365,5,500,3670.56933272077,0.0013621865020851695,6.412119347634308,1150,False,111.92084976806248,False,False
run_1785876212372996,155.77777777777777,320.0,2.0542082738944365,20,500,3670.56933272077,0.005448746008340678,6.411525822779647,1157,False,111.95477631137247,False,False
run_1785876213818287,155.77777777777777,320.0,2.0542082738944365,80,500,3670.56933272077,0.021794984033362712,6.411394264171219,2472,False,111.96084130045713,False,False
run_1785876215321742,155.77777777777777,320.0,2.0542082738944365,320,500,3670.56933272077,0.08717993613345085,6.446911836597267,2590,False,109.9415511926228,False,False
run_1785876216774581,155.77777777777777,320.0,2.0542082738944365,1280,500,3670.56933272077,0.3487197445338034,7.039510529075667,1742,False,79.55540354015463,False,False
run_1785876218248929,155.77777777777777,320.0,2.0542082738944365,5120,500,3670.56933272077,1.3948789781352136,8.346905315706941,2999,True,27.093795078265156,False,False
run_1785876219900596,155.77777777777777,320.0,2.0542082738944365,20480,500,3670.56933272077,5.579515912540854,9.13307743706672,1928,False,0.9065275672057611,False,False
run_1785876221432457,166.83333333333334,320.0,1.918081918081918,5,500,3546.86588051889,0.001409695254467452,6.521200512282421,1150,False,99.73205459107079,False,False
run_1785876222881141,166.83333333333334,320.0,1.918081918081918,20,500,3546.86588051889,0.005638781017869808,6.520571605984885,1158,False,99.7654388589942,False,False
run_1785876224365494,166.83333333333334,320.0,1.918081918081918,80,500,3546.86588051889,0.02255512407147923,6.52020518243979,2472,False,99.78376610946249,False,False
run_1785876225789183,166.83333333333334,320.0,1.918081918081918,320,500,3546.86588051889,0.09022049628591693,6.553458853028586,2590,False,97.99832541787895,False,False
run_1785876227492212,166.83333333333334,320.0,1.918081918081918,1280,500,3546.86588051889,0.3608819851436677,7.115716900181284,1741,False,70.4737952769316,False,False
run_1785876229075264,166.83333333333334,320.0,1.918081918081918,5120,500,3546.86588051889,1.4435279405746708,8.275656521447917,2999,True,24.576185650173443,False,False
run_1785876230805044,166.83333333333334,320.0,1.918081918081918,20480,500,3546.86588051889,5.774111762298683,8.982298081592555,2999,True,0.7727828438277657,False,False
run_1785876232286509,177.88888888888889,320.0,1.7988757026858213,5,500,3434.8815490264333,0.0014556542718095115,6.62493834953015,2435,False,88.74916054325307,False,False
run_1785876234019587,177.88888888888889,320.0,1.7988757026858213,20,500,3434.8815490264333,0.005822617087238046,6.624281804598068,2443,False,88.78228448338486,False,False
run_1785876235828396,177.88888888888889,320.0,1.7988757026858213,80,500,3434.8815490264333,0.023290468348952185,6.6237280240535625,2472,False,88.80982753110811,False,False
run_1785876237468873,177.88888888888889,320.0,1.7988757026858213,320,500,3434.8815490264333,0.09316187339580874,6.654675288447424,2590,False,87.23047897267654,False,False
run_1785876239037814,177.88888888888889,320.0,1.7988757026858213,1280,500,3434.8815490264333,0.37264749358323496,7.185470313735474,1740,False,62.27796601593914,False,False
run_1785876240712381,177.88888888888889,320.0,1.7988757026858213,5120,500,3434.8815490264333,1.4905899743329398,8.208629757885173,2999,True,22.25189545029842,False,False
run_1785876242645462,177.88888888888889,320.0,1.7988757026858213,20480,500,3434.8815490264333,5.962359897331759,8.834408594451263,2999,True,0.9329055962181036,False,False
run_1785876244542390,188.94444444444443,320.0,1.693619523669509,5,500,3332.8756408245704,0.0015002059899129553,6.723934311069855,2436,False,78.76021207947656,False,False
run_1785876246680722,188.94444444444443,320.0,1.693619523669509,20,500,3332.8756408245704,0.006000823959651821,6.723259104146344,2443,False,78.79315192005814,False,False
run_1785876248765197,188.94444444444443,320.0,1.693619523669509,80,500,3332.8756408245704,0.024003295838607285,6.7225280983369275,2473,False,78.82805398734723,False,False
run_1785876250872048,188.94444444444443,320.0,1.693619523669509,320,500,3332.8756408245704,0.09601318335442914,6.751139631640128,2590,False,77.43268825465348,False,False
run_1785876252899447,188.94444444444443,320.0,1.693619523669509,1280,500,3332.8756408245704,0.38405273341771656,7.249449810164699,1739,False,54.823228211895696,False,False
run_1785876254612840,188.94444444444443,320.0,1.693619523669509,5120,500,3332.8756408245704,1.5362109336708663,8.146561741768515,2999,True,20.05432542793244,False,False
run_1785876256368392,188.94444444444443,320.0,1.693619523669509,20480,500,3332.8756408245704,6.144843734683465,8.697026295968978,2999,True,1.1030469806917753,False,False
run_1785876258070322,200.0,320.0,1.6,5,500,3239.449178651611,0.0015434722770002525,6.81867665185545,2436,False,69.60077989100752,False,False
run_1785876259839442,200.0,320.0,1.6,20,500,3239.449178651611,0.00617388910800101,6.81798978667957,2444,False,69.63277491354152,False,False
run_1785876261608157,200.0,320.0,1.6,80,500,3239.449178651611,0.02469555643200404,6.817093763371988,2473,False,69.67452663126782,False,False
run_1785876263416894,200.0,320.0,1.6,320,500,3239.449178651611,0.09878222572801616,6.843338200699907,2590,False,68.44495432583328,False,False
run_1785876265248263,200.0,320.0,1.6,1280,500,3239.449178651611,0.39512890291206465,7.308221721259062,1737,False,47.99672289881675,False,False
run_1785876267063879,200.0,320.0,1.6,5120,500,3239.449178651611,1.5805156116482586,8.089789897639065,2999,True,17.937535365822402,False,False
run_1785876268906170,200.0,320.0,1.6,20480,500,3239.449178651611,6.322062446593034,8.570363309077154,2999,True,1.2310015667164718,False,False
